,Commune,Année,Voitures_electriques_par_borne,Consommation_electrique_annuelle_MWh_par_habitant,Production_electrique_renouvelable_annuelle_MWh_par_habitant
0,Aire-la-Ville,2023-11-30,8.5,3.4474,34.5596
1,Aire-la-Ville,2023-12-31,18.5,3.4965,34.5444
2,Aire-la-Ville,2024-01-31,20.0,3.5456,34.6373
3,Aire-la-Ville,2024-02-29,20.0,3.6118,34.5283
4,Aire-la-Ville,2024-03-31,6.8,3.6118,34.5596
5,Aire-la-Ville,2024-04-30,10.8,3.5827,34.3824
6,Aire-la-Ville,2024-05-31,21.0,3.5632,31.7834
7,Aire-la-Ville,2024-06-30,20.5,3.5534,31.7834
8,Aire-la-Ville,2024-07-31,21.5,3.5534,31.7834
9,Aire-la-Ville,2024-08-31,21.5,3.3384,31.0361
10,Aire-la-Ville,2024-10-31,21.5,3.6627,31.3906
11,Aire-la-Ville,2024-11-30,21.5,3.6698,31.467
12,Aire-la-Ville,2024-12-31,21.5,3.628,31.4102
13,Aire-la-Ville,2025-01-31,21.5,3.5703,31.0121
14,Aire-la-Ville,2025-02-28,23.5,3.1669,30.718
15,Aire-la-Ville,2025-03-31,24.0,3.1553,30.6006
16,Anières,2023-11-30,29.5,3.5403,0.2223
17,Anières,2023-12-31,30.0,3.5374,0.224
18,Anières,2024-01-31,29.0,3.5465,0.2268
19,Anières,2024-02-29,28.0,3.5699,0.2285
20,Anières,2024-03-31,29.5,3.5699,0.2277
21,Anières,2024-04-30,31.0,3.5656,0.2417
22,Anières,2024-05-31,31.5,3.5417,0.2673
23,Anières,2024-06-30,34.0,3.5347,0.2673
24,Anières,2024-07-31,10.1,3.5347,0.2673
25,Anières,2024-08-31,10.1,3.2925,0.3177
26,Anières,2024-09-30,10.6,3.6167,0.3346
27,Anières,2024-10-31,11.1,3.6192,0.3453
28,Anières,2024-11-30,10.9,3.6312,0.3428
29,Anières,2024-12-31,11.4,3.6679,0.356
30,Anières,2025-01-31,11.4,3.7046,0.3568
31,Anières,2025-02-28,11.0,3.2768,0.3717
32,Anières,2025-03-31,11.0,3.2783,0.3699
33,Avully,2023-11-30,5.5,1.8671,125.5535
34,Avully,2023-12-31,5.5,1.8682,130.4151
35,Avully,2024-01-31,6.0,1.8812,133.9985
36,Avully,2024-02-29,6.0,1.8941,136.4255
37,Avully,2024-03-31,6.5,1.8941,141.439
38,Avully,2024-04-30,7.0,1.9015,142.7058
39,Avully,2024-05-31,7.5,1.8878,146.6187
40,Avully,2024-06-30,7.5,1.8795,146.6187
41,Avully,2024-07-31,7.5,1.8795,146.6187
42,Avully,2024-08-31,7.5,1.8783,155.2851
43,Avully,2024-09-30,8.0,1.9366,155.8417
44,Avully,2024-10-31,8.5,1.9265,155.8899
45,Avully,2024-11-30,8.5,1.9259,160.5905
46,Avully,2024-12-31,8.5,1.9336,156.2475
47,Avully,2025-01-31,8.5,1.9336,153.907
48,Avully,2025-02-28,10.0,1.715,152.3363
49,Avully,2025-03-31,10.5,1.73,150.9916
50,Avusy,2023-11-30,8.0,3.5311,0.3491
51,Avusy,2023-12-31,8.3,3.5019,0.3498
52,Avusy,2024-01-31,8.3,3.5408,0.3536
53,Avusy,2024-02-29,8.3,3.5453,0.3558
54,Avusy,2024-03-31,8.8,3.5453,0.3536
55,Avusy,2024-04-30,8.8,3.5192,0.3816
56,Avusy,2024-05-31,8.8,3.5067,0.3986
57,Avusy,2024-06-30,9.0,3.506,0.3986
58,Avusy,2024-07-31,9.5,3.506,0.3986
59,Avusy,2024-08-31,9.5,3.4853,0.4317
60,Avusy,2024-09-30,9.5,3.6003,0.473
61,Avusy,2024-10-31,9.5,3.6054,0.4759
62,Avusy,2024-11-30,9.5,3.6231,0.4848
63,Avusy,2024-12-31,9.5,3.6482,0.4892
64,Avusy,2025-01-31,9.5,3.7108,0.5061
65,Avusy,2025-02-28,9.8,3.2776,0.5098
66,Avusy,2025-03-31,9.8,3.3163,0.5105
67,Bellevue,2024-06-30,73.0,3.7337,0.2927
68,Bellevue,2024-07-31,75.0,3.7337,0.2927
69,Bellevue,2024-08-31,75.0,3.7471,0.3565
70,Bellevue,2024-09-30,8.4,3.7725,0.378
71,Bellevue,2024-10-31,8.8,3.7707,0.3899
72,Bellevue,2024-11-30,8.8,3.7864,0.3861
73,Bellevue,2024-12-31,8.9,3.8018,0.3865
74,Bellevue,2025-01-31,8.9,4.1122,0.3861
75,Bellevue,2025-02-28,8.8,3.6533,0.3897
76,Bellevue,2025-03-31,8.9,3.4787,0.3711
77,Bernex,2023-11-30,18.0,2.7855,0.3135
78,Bernex,2023-12-31,20.9,2.7679,0.314
79,Bernex,2024-01-31,19.4,2.9015,0.3158
80,Bernex,2024-02-29,19.5,2.9273,0.3169
81,Bernex,2024-03-31,19.8,2.9273,0.3167
82,Bernex,2024-04-30,20.6,2.9769,0.3598
83,Bernex,2024-05-31,20.4,2.9677,0.3714
84,Bernex,2024-06-30,20.8,2.9654,0.3714
85,Bernex,2024-07-31,21.5,2.9654,0.3714
86,Bernex,2024-08-31,21.5,2.9649,0.3833
87,Bernex,2024-09-30,22.3,3.0778,0.3985
88,Bernex,2024-10-31,25.6,3.0903,0.4004
89,Bernex,2024-11-30,25.6,3.1024,0.4053
90,Bernex,2024-12-31,25.7,3.1037,0.4141
91,Bernex,2025-01-31,22.5,3.2083,0.4149
92,Bernex,2025-02-28,23.0,2.8539,0.4198
93,Bernex,2025-03-31,22.9,2.8476,0.4181
94,Carouge (GE),2023-11-30,16.7,5.8447,0.1263
95,Carouge (GE),2023-12-31,8.6,5.8168,0.126
96,Carouge (GE),2024-01-31,8.6,5.8561,0.1269
97,Carouge (GE),2024-02-29,8.9,5.8609,0.1253
98,Carouge (GE),2024-03-31,9.0,5.8609,0.1254
99,Carouge (GE),2024-04-30,9.8,5.9292,0.1255
100,Carouge (GE),2024-05-31,9.0,5.9112,0.1271
101,Carouge (GE),2024-06-30,9.3,5.8993,0.1271
102,Carouge (GE),2024-07-31,10.4,5.8993,0.1271
103,Carouge (GE),2024-08-31,10.4,5.9685,0.1266
104,Carouge (GE),2024-09-30,9.7,5.9867,0.1312
105,Carouge (GE),2024-10-31,9.7,5.9694,0.1315
106,Carouge (GE),2024-11-30,9.5,5.9804,0.1299
107,Carouge (GE),2024-12-31,9.8,5.9999,0.1319
108,Carouge (GE),2025-01-31,9.8,6.0116,0.1304
109,Carouge (GE),2025-02-28,10.1,5.3333,0.1314
110,Carouge (GE),2025-03-31,10.4,5.3557,0.1311
154,Choulex,2023-11-30,31.0,2.9472,0.2046
155,Choulex,2023-12-31,16.0,2.92,0.2054
156,Choulex,2024-01-31,16.0,2.9142,0.2079
157,Choulex,2024-02-29,16.0,2.9323,0.2087
158,Choulex,2024-03-31,16.0,2.9323,0.2071
159,Choulex,2024-04-30,16.0,2.8715,0.2042
160,Choulex,2024-05-31,16.5,2.8651,0.2139
161,Choulex,2024-06-30,17.0,2.8731,0.2139
162,Choulex,2024-09-30,16.5,3.0026,0.2485
163,Choulex,2024-10-31,15.5,3.001,0.2557
120,Chêne-Bougeries,2023-11-30,64.7,2.9442,0.1292
121,Chêne-Bougeries,2023-12-31,67.0,2.9363,0.1293
122,Chêne-Bougeries,2024-01-31,206.0,2.9972,0.1305
123,Chêne-Bougeries,2024-02-29,69.0,2.9874,0.1311
124,Chêne-Bougeries,2024-03-31,72.7,2.9874,0.1296
125,Chêne-Bougeries,2024-04-30,74.7,2.9786,0.1321
126,Chêne-Bougeries,2024-05-31,76.3,2.9605,0.1379
127,Chêne-Bougeries,2024-06-30,78.0,2.957,0.1379
128,Chêne-Bougeries,2024-07-31,79.7,2.957,0.1379
129,Chêne-Bougeries,2024-08-31,79.7,2.8936,0.1478
130,Chêne-Bougeries,2024-09-30,47.4,3.0137,0.1565
131,Chêne-Bougeries,2024-10-31,47.8,3.0045,0.1571
132,Chêne-Bougeries,2024-11-30,49.4,3.0112,0.1576
133,Chêne-Bougeries,2024-12-31,50.0,3.0178,0.1608
134,Chêne-Bougeries,2025-01-31,50.0,3.1379,0.1632
135,Chêne-Bougeries,2025-02-28,53.0,2.7834,0.1651
136,Chêne-Bougeries,2025-03-31,54.4,2.7292,0.1612
137,Chêne-Bourg,2023-11-30,9.8,3.1155,0.0963
138,Chêne-Bourg,2023-12-31,12.2,3.0931,0.0962
139,Chêne-Bourg,2024-01-31,10.5,3.1372,0.097
140,Chêne-Bourg,2024-02-29,10.3,3.1442,0.0973
141,Chêne-Bourg,2024-03-31,10.3,3.1442,0.0961
142,Chêne-Bourg,2024-04-30,11.0,3.1779,0.0998
143,Chêne-Bourg,2024-05-31,11.2,3.1672,0.1028
144,Chêne-Bourg,2024-06-30,11.7,3.1644,0.1028
145,Chêne-Bourg,2024-07-31,11.7,3.1644,0.1028
146,Chêne-Bourg,2024-08-31,11.7,3.0978,0.1075
147,Chêne-Bourg,2024-09-30,11.8,3.1822,0.1112
148,Chêne-Bourg,2024-10-31,12.8,3.1682,0.1106
149,Chêne-Bourg,2024-11-30,12.5,3.184,0.11
150,Chêne-Bourg,2024-12-31,11.1,3.1983,0.1103
151,Chêne-Bourg,2025-01-31,11.1,3.2469,0.1113
152,Chêne-Bourg,2025-02-28,8.8,2.8862,0.1171
153,Chêne-Bourg,2025-03-31,8.9,2.8831,0.1165
164,Collonge-Bellerive,2023-11-30,45.2,4.4212,0.2562
165,Collonge-Bellerive,2023-12-31,56.8,4.4056,0.2572
166,Collonge-Bellerive,2024-01-31,58.5,4.4,0.26
167,Collonge-Bellerive,2024-02-29,33.3,4.4036,0.2617
168,Collonge-Bellerive,2024-03-31,33.4,4.4036,0.2602
169,Collonge-Bellerive,2024-04-30,34.0,4.4637,0.2776
170,Collonge-Bellerive,2024-05-31,34.3,4.4453,0.3002
171,Collonge-Bellerive,2024-06-30,34.4,4.4448,0.3002
172,Collonge-Bellerive,2024-07-31,35.1,4.4448,0.3002
173,Collonge-Bellerive,2024-08-31,35.1,4.4676,0.3381
174,Collonge-Bellerive,2024-09-30,28.1,4.4839,0.3613
175,Collonge-Bellerive,2024-10-31,31.5,4.4793,0.3698
176,Collonge-Bellerive,2024-11-30,31.6,4.4879,0.3733
177,Collonge-Bellerive,2024-12-31,32.0,4.5096,0.3839
178,Collonge-Bellerive,2025-01-31,32.0,4.5942,0.389
179,Collonge-Bellerive,2025-02-28,33.6,4.0757,0.4005
180,Collonge-Bellerive,2025-03-31,29.7,4.0462,0.3967
181,Cologny,2023-11-30,7.7,3.6152,0.1422
182,Cologny,2023-12-31,7.9,3.5985,0.1427
183,Cologny,2024-01-31,8.0,3.5931,0.1443
184,Cologny,2024-02-29,8.0,3.6096,0.1452
185,Cologny,2024-03-31,8.1,3.6096,0.1442
186,Cologny,2024-04-30,8.1,3.5611,0.1556
187,Cologny,2024-05-31,8.4,3.5349,0.1607
188,Cologny,2024-06-30,8.6,3.5277,0.1607
189,Cologny,2024-07-31,8.5,3.5277,0.1607
190,Cologny,2024-08-31,8.5,3.3993,0.1654
191,Cologny,2024-09-30,8.5,3.6425,0.1723
192,Cologny,2024-10-31,8.9,3.6438,0.173
193,Cologny,2024-11-30,9.2,3.6602,0.1746
194,Cologny,2024-12-31,9.1,3.6552,0.1837
195,Cologny,2025-01-31,9.1,3.6775,0.1889
196,Cologny,2025-02-28,9.3,3.2639,0.1907
197,Cologny,2025-03-31,9.3,3.2124,0.187
198,Confignon,2023-12-31,5.5,2.8732,0.2744
199,Confignon,2024-01-31,9.7,2.9861,0.2775
200,Confignon,2024-02-29,5.9,2.9652,0.279
201,Confignon,2024-03-31,6.1,2.9652,0.2772
202,Confignon,2024-04-30,6.0,2.934,0.2823
203,Confignon,2024-05-31,5.9,2.8892,0.2932
204,Confignon,2024-06-30,6.0,2.9171,0.2932
205,Confignon,2024-07-31,6.1,2.9171,0.2932
206,Confignon,2024-08-31,6.1,2.9327,0.3214
207,Confignon,2024-09-30,6.4,3.0013,0.3387
208,Confignon,2024-10-31,8.1,3.0275,0.3404
209,Confignon,2024-11-30,8.4,2.9993,0.3428
210,Confignon,2024-12-31,6.7,3.0192,0.3479
211,Confignon,2025-01-31,6.7,3.097,0.3518
212,Confignon,2025-02-28,6.9,2.7397,0.3538
213,Confignon,2025-03-31,7.1,2.7243,0.3553
214,Corsier (GE),2024-10-31,17.3,2.9545,0.2395
215,Corsier (GE),2024-11-30,17.5,2.9779,0.2391
216,Corsier (GE),2024-12-31,18.0,2.983,0.2425
217,Corsier (GE),2025-01-31,18.0,3.0239,0.2433
218,Corsier (GE),2025-02-28,18.3,2.6945,0.2536
219,Corsier (GE),2025-03-31,18.3,2.6613,0.2485
111,Céligny,2024-07-31,29.0,3.4539,0.3018
112,Céligny,2024-08-31,29.0,3.3283,0.2961
113,Céligny,2024-09-30,30.0,3.5829,0.3433
114,Céligny,2024-10-31,31.0,3.5864,0.3433
115,Céligny,2024-11-30,31.0,3.5933,0.3399
116,Céligny,2024-12-31,32.0,3.6302,0.341
117,Céligny,2025-01-31,32.0,3.6221,0.341
118,Céligny,2025-02-28,33.0,3.212,0.3433
119,Céligny,2025-03-31,34.0,3.1677,0.3354
220,Dardagny,2023-12-31,3.5,8.2946,0.2208
221,Dardagny,2024-01-31,3.8,8.2865,0.223
222,Dardagny,2024-02-29,3.8,8.3131,0.2241
223,Dardagny,2024-03-31,1.8,8.3131,0.2214
224,Dardagny,2024-04-30,1.8,8.7138,0.231
225,Dardagny,2024-05-31,1.8,8.6911,0.2423
226,Dardagny,2024-06-30,1.8,8.699,0.2423
227,Dardagny,2024-07-31,1.9,8.699,0.2423
228,Dardagny,2024-08-31,1.9,8.8898,0.2395
229,Dardagny,2024-09-30,1.8,8.2343,0.2446
230,Dardagny,2024-10-31,1.9,8.2156,0.2406
231,Dardagny,2024-11-30,1.9,8.2263,0.2361
232,Dardagny,2024-12-31,1.9,8.2694,0.2361
233,Dardagny,2025-01-31,1.9,8.2371,0.2349
234,Dardagny,2025-02-28,2.1,7.3177,0.2395
235,Dardagny,2025-03-31,2.3,7.3916,0.24
236,Genève,2023-11-30,9.4,4.566,0.1213
237,Genève,2023-12-31,9.4,4.5425,0.1245
238,Genève,2024-01-31,9.2,4.5881,0.1273
239,Genève,2024-02-29,10.1,4.569,0.129
240,Genève,2024-03-31,9.1,4.569,0.132
241,Genève,2024-04-30,10.8,4.5641,0.1335
242,Genève,2024-05-31,10.0,4.5488,0.1366
243,Genève,2024-06-30,9.7,4.5412,0.1366
244,Genève,2024-07-31,11.5,4.5412,0.1366
245,Genève,2024-08-31,11.5,4.5786,0.1446
246,Genève,2024-09-30,10.8,4.6434,0.1475
247,Genève,2024-10-31,11.0,4.6315,0.1487
248,Genève,2024-11-30,10.0,4.6325,0.1538
249,Genève,2024-12-31,10.2,4.6528,0.1518
250,Genève,2025-01-31,10.3,4.6541,0.1473
251,Genève,2025-02-28,10.5,4.1256,0.1466
252,Genève,2025-03-31,10.5,4.1195,0.1444
270,Jussy,2023-11-30,41.0,4.7639,0.3854
271,Jussy,2023-12-31,43.0,4.7356,0.388
272,Jussy,2024-01-31,44.0,4.8446,0.3931
273,Jussy,2024-03-31,45.0,4.8627,0.3957
274,Jussy,2024-05-31,48.0,4.8374,0.5974
275,Jussy,2024-06-30,49.0,4.8157,0.5974
276,Jussy,2024-09-30,51.0,4.9591,0.8687
277,Jussy,2024-10-31,52.0,4.9496,0.8661
278,Jussy,2024-11-30,52.0,4.9426,0.8539
279,Jussy,2024-12-31,52.0,4.9678,0.8539
280,Jussy,2025-01-31,52.0,5.0757,0.853
281,Jussy,2025-02-28,53.0,4.4922,0.8817
282,Jussy,2025-03-31,52.0,4.545,0.8941
283,Laconnex,2023-11-30,5.0,3.1854,0.2117
284,Laconnex,2023-12-31,5.5,3.1591,0.2117
285,Laconnex,2024-01-31,5.5,3.1314,0.2131
286,Laconnex,2024-02-29,7.0,3.1372,0.2131
287,Laconnex,2024-03-31,7.5,3.1372,0.2102
288,Laconnex,2024-04-30,8.0,3.0454,0.2426
289,Laconnex,2024-05-31,8.0,3.0298,0.2539
290,Laconnex,2024-06-30,8.0,3.027,0.2539
291,Laconnex,2024-07-31,8.0,3.027,0.2539
292,Laconnex,2024-08-31,8.0,3.0525,0.2752
293,Laconnex,2024-09-30,9.0,3.1291,0.2823
294,Laconnex,2024-10-31,9.0,3.1872,0.2794
295,Laconnex,2024-11-30,9.0,3.1986,0.2752
296,Laconnex,2024-12-31,10.0,3.3248,0.2752
297,Laconnex,2025-01-31,10.0,3.3617,0.2738
298,Laconnex,2025-02-28,10.0,2.9716,0.2766
299,Laconnex,2025-03-31,10.0,2.9533,0.2734
300,Lancy,2023-11-30,7.2,3.7995,0.1484
301,Lancy,2023-12-31,6.9,3.7887,0.1481
302,Lancy,2024-01-31,6.9,3.8712,0.1493
303,Lancy,2024-02-29,6.7,3.8402,0.1497
304,Lancy,2024-03-31,6.4,3.8402,0.1476
305,Lancy,2024-04-30,6.9,3.8839,0.1511
306,Lancy,2024-05-31,7.1,3.8826,0.1537
307,Lancy,2024-06-30,7.3,3.8748,0.1537
308,Lancy,2024-07-31,8.8,3.8748,0.1537
309,Lancy,2024-08-31,8.8,3.8569,0.1761
310,Lancy,2024-09-30,7.8,3.8736,0.1812
311,Lancy,2024-10-31,8.0,3.8574,0.1794
312,Lancy,2024-11-30,8.1,3.8642,0.1814
313,Lancy,2024-12-31,6.7,3.8619,0.1817
314,Lancy,2025-01-31,6.8,3.9115,0.1628
315,Lancy,2025-02-28,7.1,3.4589,0.1838
316,Lancy,2025-03-31,7.2,3.4128,0.1803
253,Le Grand-Saconnex,2023-11-30,10.7,4.2731,0.4826
254,Le Grand-Saconnex,2023-12-31,13.2,4.2406,0.4826
255,Le Grand-Saconnex,2024-01-31,11.7,4.2844,0.4864
256,Le Grand-Saconnex,2024-02-29,13.0,4.2914,0.4878
257,Le Grand-Saconnex,2024-03-31,10.4,4.2914,0.4812
258,Le Grand-Saconnex,2024-04-30,14.6,4.244,0.4894
259,Le Grand-Saconnex,2024-05-31,14.6,4.223,0.5007
260,Le Grand-Saconnex,2024-06-30,12.4,4.2185,0.5007
261,Le Grand-Saconnex,2024-07-31,15.2,4.2185,0.5007
262,Le Grand-Saconnex,2024-08-31,15.2,4.2192,0.5081
263,Le Grand-Saconnex,2024-09-30,9.2,4.3636,0.5343
264,Le Grand-Saconnex,2024-10-31,9.2,4.3668,0.5283
265,Le Grand-Saconnex,2024-11-30,10.8,4.3768,0.5197
266,Le Grand-Saconnex,2024-12-31,10.9,4.386,0.5195
267,Le Grand-Saconnex,2025-01-31,9.2,4.3805,0.4977
268,Le Grand-Saconnex,2025-02-28,10.1,3.8866,0.5019
269,Le Grand-Saconnex,2025-03-31,9.2,3.8576,0.4937
317,Meinier,2023-11-30,5.3,4.1168,0.1219
318,Meinier,2023-12-31,5.8,4.0765,0.1219
319,Meinier,2024-02-29,6.0,4.1032,0.1234
320,Meinier,2024-03-31,6.0,4.1032,0.1224
321,Meinier,2024-04-30,6.1,4.1791,0.1305
322,Meinier,2024-05-31,6.1,4.1796,0.1354
323,Meinier,2024-06-30,6.3,4.1933,0.1354
324,Meinier,2024-07-31,6.1,4.1933,0.1354
325,Meinier,2024-08-31,6.1,4.2581,0.1369
326,Meinier,2024-09-30,6.3,4.2453,0.1418
327,Meinier,2024-10-31,6.4,4.2468,0.1865
328,Meinier,2024-11-30,6.1,4.3077,0.1865
329,Meinier,2024-12-31,6.3,4.3518,0.21
330,Meinier,2025-01-31,6.3,4.3037,0.211
331,Meinier,2025-02-28,6.6,3.8366,0.2154
332,Meinier,2025-03-31,6.5,3.8892,0.2161
333,Meyrin,2023-11-30,4.0,5.5111,0.2706
334,Meyrin,2023-12-31,4.0,5.4853,0.2701
335,Meyrin,2024-01-31,4.0,5.562,0.2721
336,Meyrin,2024-02-29,3.9,5.5527,0.2729
337,Meyrin,2024-03-31,4.1,5.5527,0.269
338,Meyrin,2024-04-30,4.4,5.6418,0.2804
339,Meyrin,2024-05-31,4.5,5.6286,0.2832
340,Meyrin,2024-06-30,4.7,5.6253,0.2832
341,Meyrin,2024-07-31,4.8,5.6253,0.2832
342,Meyrin,2024-08-31,4.8,5.7337,0.2815
343,Meyrin,2024-09-30,4.8,5.604,0.2863
344,Meyrin,2024-10-31,5.7,5.5899,0.2831
345,Meyrin,2024-11-30,5.6,5.6028,0.2794
346,Meyrin,2024-12-31,4.5,5.6214,0.3032
347,Meyrin,2025-01-31,4.5,5.6448,0.3027
348,Meyrin,2025-02-28,4.8,5.0124,0.3074
349,Meyrin,2025-03-31,4.7,4.9597,0.3021
583,Moyenne,2023-11-30,17.136666666666667,4.44517,31.85286333333334
584,Moyenne,2023-12-31,16.918181818181818,4.4534,30.04848484848485
585,Moyenne,2024-01-31,21.715151515151515,4.471927272727273,30.843518181818183
586,Moyenne,2024-02-29,15.596969696969698,4.45700303030303,31.3668303030303
587,Moyenne,2024-03-31,15.95,4.468935294117648,31.525629411764704
588,Moyenne,2024-04-30,15.790909090909091,4.409687878787879,31.65530303030303
589,Moyenne,2024-05-31,17.02058823529412,4.409473529411764,31.481802941176472
590,Moyenne,2024-06-30,18.86,4.388171428571428,30.590685714285712
591,Moyenne,2024-07-31,17.844117647058823,4.392679411764706,31.47542647058824
592,Moyenne,2024-08-31,17.844117647058823,4.371702941176471,33.270476470588235
593,Moyenne,2024-09-30,16.074285714285715,4.396062857142857,31.598480000000006
594,Moyenne,2024-10-31,16.005555555555556,4.370255555555556,31.574247222222223
595,Moyenne,2024-11-30,16.314285714285713,4.420068571428572,33.41374285714286
596,Moyenne,2024-12-31,17.030555555555555,4.406886111111111,31.659958333333332
597,Moyenne,2025-01-31,17.094444444444445,4.442983333333333,31.19466388888889
598,Moyenne,2025-02-28,17.516666666666666,3.9410416666666666,30.891838888888888
599,Moyenne,2025-03-31,17.37222222222222,3.9060194444444445,30.500872222222224
350,Onex,2023-11-30,44.0,1.8639,0.1024
351,Onex,2023-12-31,44.0,1.8546,0.1024
352,Onex,2024-01-31,46.5,1.8846,0.1033
353,Onex,2024-02-29,46.0,1.8804,0.1037
354,Onex,2024-03-31,46.0,1.8804,0.1027
355,Onex,2024-04-30,47.0,1.8964,0.1084
356,Onex,2024-05-31,48.5,1.8876,0.1103
357,Onex,2024-06-30,50.0,1.8812,0.1103
358,Onex,2024-07-31,51.0,1.8812,0.1103
359,Onex,2024-08-31,51.0,1.8746,0.112
360,Onex,2024-09-30,53.5,1.9083,0.1155
361,Onex,2024-10-31,54.0,1.9095,0.115
362,Onex,2024-11-30,55.5,1.9101,0.1135
363,Onex,2024-12-31,55.0,1.9128,0.1174
364,Onex,2025-01-31,55.0,1.9305,0.1186
365,Onex,2025-02-28,59.0,1.7146,0.1198
366,Onex,2025-03-31,61.0,1.7116,0.1196
367,Perly-Certoux,2023-11-30,13.5,3.392,0.3691
368,Perly-Certoux,2023-12-31,14.3,3.3729,0.3681
369,Perly-Certoux,2024-01-31,19.3,3.3904,0.3707
370,Perly-Certoux,2024-02-29,18.7,3.3952,0.3716
371,Perly-Certoux,2024-03-31,11.4,3.3952,0.3662
372,Perly-Certoux,2024-04-30,11.2,3.3181,0.3657
373,Perly-Certoux,2024-05-31,13.8,3.3403,0.3685
374,Perly-Certoux,2024-06-30,13.5,3.3432,0.3685
375,Perly-Certoux,2024-07-31,13.8,3.3432,0.3685
376,Perly-Certoux,2024-08-31,13.8,3.3592,0.3833
377,Perly-Certoux,2024-09-30,13.8,3.4251,0.442
378,Perly-Certoux,2024-10-31,13.8,3.4223,0.4423
379,Perly-Certoux,2024-11-30,14.0,3.4361,0.4398
380,Perly-Certoux,2024-12-31,14.8,3.4417,0.4401
381,Perly-Certoux,2025-01-31,14.8,3.4235,0.4398
382,Perly-Certoux,2025-02-28,13.5,3.0365,0.4439
383,Perly-Certoux,2025-03-31,13.3,3.0066,0.4389
384,Plan-les-Ouates,2023-11-30,15.2,11.249,0.5334
385,Plan-les-Ouates,2023-12-31,15.5,11.2145,0.5334
386,Plan-les-Ouates,2024-01-31,15.9,11.296,0.5382
387,Plan-les-Ouates,2024-02-29,16.1,11.2934,0.5404
388,Plan-les-Ouates,2024-03-31,11.2,11.2934,0.5347
389,Plan-les-Ouates,2024-04-30,11.5,10.8552,0.5185
390,Plan-les-Ouates,2024-05-31,11.6,10.8231,0.5306
391,Plan-les-Ouates,2024-06-30,11.6,10.8159,0.5306
392,Plan-les-Ouates,2024-07-31,11.9,10.8159,0.5306
393,Plan-les-Ouates,2024-08-31,11.9,10.9638,0.5621
394,Plan-les-Ouates,2024-09-30,12.2,10.4466,0.5829
395,Plan-les-Ouates,2024-10-31,12.5,10.4136,0.5828
396,Plan-les-Ouates,2024-11-30,12.5,10.428,0.5793
397,Plan-les-Ouates,2024-12-31,12.2,10.452,0.5851
398,Plan-les-Ouates,2025-01-31,6.4,10.4781,0.5865
399,Plan-les-Ouates,2025-02-28,6.6,9.2861,0.5921
400,Plan-les-Ouates,2025-03-31,6.3,9.0286,0.5722
401,Pregny-Chambésy,2023-11-30,11.3,3.0887,0.2727
402,Pregny-Chambésy,2023-12-31,8.4,3.0683,0.2735
403,Pregny-Chambésy,2024-01-31,9.0,3.0845,0.2765
404,Pregny-Chambésy,2024-02-29,9.1,3.0876,0.2781
405,Pregny-Chambésy,2024-03-31,9.5,3.0876,0.2755
406,Pregny-Chambésy,2024-04-30,10.1,2.9627,0.272
407,Pregny-Chambésy,2024-05-31,10.4,2.9358,0.2804
408,Pregny-Chambésy,2024-06-30,10.6,2.938,0.2804
409,Pregny-Chambésy,2024-07-31,10.6,2.938,0.2804
410,Pregny-Chambésy,2024-08-31,10.6,2.7938,0.3039
411,Pregny-Chambésy,2024-09-30,12.7,3.0136,0.3162
412,Pregny-Chambésy,2024-10-31,15.0,3.0243,0.314
413,Pregny-Chambésy,2024-11-30,15.3,3.0307,0.3108
414,Pregny-Chambésy,2024-12-31,11.4,3.0467,0.316
415,Pregny-Chambésy,2025-01-31,11.4,3.0581,0.3172
416,Pregny-Chambésy,2025-02-28,11.6,2.7093,0.3222
417,Pregny-Chambésy,2025-03-31,12.0,2.6694,0.3178
418,Presinge,2024-01-31,6.0,3.4076,0.1719
419,Presinge,2024-02-29,6.0,3.4231,0.1719
420,Presinge,2024-03-31,6.0,3.4231,0.1691
421,Presinge,2024-04-30,6.0,3.1856,0.1829
422,Presinge,2024-05-31,5.5,3.1308,0.1829
423,Presinge,2024-06-30,5.5,3.0895,0.1829
424,Presinge,2024-07-31,5.5,3.0895,0.1829
425,Presinge,2024-08-31,5.5,3.0521,0.474
426,Presinge,2024-09-30,6.0,3.0828,0.534
427,Presinge,2024-10-31,6.5,3.2243,0.5794
428,Presinge,2024-11-30,6.5,3.2163,0.5941
429,Presinge,2024-12-31,6.5,3.1642,0.6075
430,Presinge,2025-01-31,6.5,3.2296,0.6048
431,Presinge,2025-02-28,6.0,2.8385,0.6168
432,Presinge,2025-03-31,6.0,2.7947,0.6079
433,Puplinge,2023-11-30,14.0,3.3712,0.0899
434,Puplinge,2023-12-31,14.0,3.3497,0.0903
435,Puplinge,2024-01-31,15.0,3.3314,0.0914
436,Puplinge,2024-02-29,16.5,3.3255,0.0918
437,Puplinge,2024-03-31,17.0,3.3255,0.0918
438,Puplinge,2024-04-30,17.5,3.3169,0.0939
439,Puplinge,2024-05-31,17.5,3.2962,0.0994
440,Puplinge,2024-06-30,18.0,3.3138,0.0994
441,Puplinge,2024-07-31,12.3,3.3138,0.0994
442,Puplinge,2024-08-31,12.3,3.3928,0.1209
443,Puplinge,2024-09-30,18.5,3.4092,0.1248
444,Puplinge,2024-10-31,19.5,3.4045,0.1244
445,Puplinge,2024-11-30,19.5,3.3983,0.1334
446,Puplinge,2024-12-31,18.5,3.4573,0.1541
447,Puplinge,2025-01-31,18.5,3.4741,0.1655
448,Puplinge,2025-02-28,20.0,3.0885,0.1901
449,Puplinge,2025-03-31,20.0,3.0524,0.1921
450,Russin,2023-11-30,2.3,3.3734,786.4582
451,Russin,2023-12-31,2.3,3.3734,816.8668
452,Russin,2024-01-31,2.3,3.3908,839.2893
453,Russin,2024-02-29,2.3,3.4043,854.4733
454,Russin,2024-03-31,2.3,3.4043,885.8172
455,Russin,2024-04-30,2.5,3.2096,857.5891
456,Russin,2024-05-31,2.5,3.3183,881.0724
457,Russin,2024-06-30,2.5,3.324,881.0724
458,Russin,2024-07-31,2.5,3.324,881.0724
459,Russin,2024-08-31,2.5,3.2396,933.0315
460,Russin,2024-09-30,2.8,3.5396,936.3798
461,Russin,2024-10-31,2.8,3.5433,935.7668
462,Russin,2024-11-30,3.0,3.5564,964.0307
463,Russin,2024-12-31,3.0,3.5377,938.0277
464,Russin,2025-01-31,3.0,3.5564,923.9876
465,Russin,2025-02-28,3.5,3.1609,914.6082
466,Russin,2025-03-31,3.3,3.1423,902.1857
467,Satigny,2023-11-30,8.5,22.258,2.798
468,Satigny,2023-12-31,7.5,22.2102,2.7927
469,Satigny,2024-01-31,8.0,22.2205,2.805
470,Satigny,2024-02-29,6.6,22.2834,2.8065
471,Satigny,2024-03-31,8.1,22.2834,2.825
472,Satigny,2024-04-30,8.5,21.8755,2.795
473,Satigny,2024-05-31,9.4,21.8207,2.8546
474,Satigny,2024-06-30,10.0,21.8308,2.8546
475,Satigny,2024-07-31,10.4,21.8308,2.8546
476,Satigny,2024-08-31,10.4,21.8452,3.1413
477,Satigny,2024-09-30,10.4,20.7666,3.3535
478,Satigny,2024-10-31,6.3,20.7111,3.3365
479,Satigny,2024-11-30,10.9,20.7801,3.3358
480,Satigny,2024-12-31,11.1,20.8677,3.3284
481,Satigny,2025-01-31,11.1,20.7913,3.35
482,Satigny,2025-02-28,10.9,18.4631,3.4799
483,Satigny,2025-03-31,10.7,18.2249,3.4212
484,Thônex,2023-11-30,4.1,3.5152,0.254
485,Thônex,2023-12-31,4.1,3.4979,0.2544
486,Thônex,2024-01-31,5.0,3.5398,0.2568
487,Thônex,2024-02-29,3.8,3.5533,0.258
488,Thônex,2024-03-31,3.9,3.5533,0.2557
489,Thônex,2024-04-30,4.8,3.1749,0.2404
490,Thônex,2024-05-31,4.9,3.1793,0.251
491,Thônex,2024-06-30,5.0,3.1825,0.251
492,Thônex,2024-07-31,5.5,3.1825,0.251
493,Thônex,2024-08-31,5.5,3.1543,0.263
494,Thônex,2024-09-30,4.6,3.1569,0.2716
495,Thônex,2024-10-31,4.6,3.1523,0.2918
496,Thônex,2024-11-30,4.6,3.1621,0.2944
497,Thônex,2024-12-31,4.3,3.1872,0.2991
498,Thônex,2025-01-31,4.3,3.2178,0.3063
499,Thônex,2025-02-28,4.4,2.8529,0.3103
500,Thônex,2025-03-31,4.5,2.7695,0.2999
501,Troinex,2023-12-31,32.5,2.968,0.2492
502,Troinex,2024-01-31,34.5,2.9743,0.2555
503,Troinex,2024-02-29,34.5,3.1075,0.2615
504,Troinex,2024-03-31,35.0,3.1075,0.2705
505,Troinex,2024-04-30,36.5,3.1495,0.28
506,Troinex,2024-05-31,38.5,3.1314,0.3321
507,Troinex,2024-06-30,39.0,3.1273,0.3321
508,Troinex,2024-07-31,40.0,3.1273,0.3321
509,Troinex,2024-08-31,40.0,3.0725,0.431
510,Troinex,2024-09-30,41.5,3.2005,0.4616
511,Troinex,2024-12-31,46.5,3.313,0.511
512,Troinex,2025-01-31,46.5,3.3832,0.5125
513,Troinex,2025-02-28,51.0,3.0193,0.5189
514,Troinex,2025-03-31,51.0,2.9895,0.5153
515,Vandoeuvres,2023-11-30,25.0,3.7733,0.1726
516,Vandoeuvres,2023-12-31,24.8,3.7527,0.1733
517,Vandoeuvres,2024-01-31,24.3,3.7428,0.1752
518,Vandoeuvres,2024-02-29,24.8,3.7461,0.1762
519,Vandoeuvres,2024-03-31,26.0,3.7461,0.1752
520,Vandoeuvres,2024-04-30,26.0,3.7409,0.2083
521,Vandoeuvres,2024-05-31,26.0,3.7267,0.2211
522,Vandoeuvres,2024-06-30,26.0,3.7224,0.2211
523,Vandoeuvres,2024-07-31,26.8,3.7224,0.2211
524,Vandoeuvres,2024-08-31,26.8,3.4331,0.2307
525,Vandoeuvres,2024-09-30,27.0,3.8559,0.2834
526,Vandoeuvres,2024-10-31,28.3,3.8667,0.2857
527,Vandoeuvres,2024-11-30,29.0,3.8793,0.3022
528,Vandoeuvres,2024-12-31,29.8,3.8697,0.3114
529,Vandoeuvres,2025-01-31,29.8,3.9086,0.3134
530,Vandoeuvres,2025-02-28,29.8,3.4486,0.3213
531,Vandoeuvres,2025-03-31,30.3,3.33,0.3106
532,Vernier,2023-11-30,3.2,4.0451,0.257
533,Vernier,2023-12-31,2.3,4.0289,0.2567
534,Vernier,2024-01-31,3.0,4.2954,0.2588
535,Vernier,2024-02-29,2.4,4.1632,0.2597
536,Vernier,2024-03-31,2.5,4.1632,0.2564
537,Vernier,2024-04-30,2.4,3.9582,0.3369
538,Vernier,2024-05-31,2.7,3.9471,0.3402
539,Vernier,2024-06-30,2.7,3.9456,0.3402
540,Vernier,2024-07-31,2.8,3.9456,0.3402
541,Vernier,2024-08-31,2.8,3.9402,0.3426
542,Vernier,2024-09-30,2.7,3.8535,0.3571
543,Vernier,2024-10-31,3.0,3.8596,0.3561
544,Vernier,2024-11-30,3.0,3.8638,0.3565
545,Vernier,2024-12-31,2.8,3.8734,0.3589
546,Vernier,2025-01-31,2.8,3.8991,0.3564
547,Vernier,2025-02-28,2.9,3.4615,0.3591
548,Vernier,2025-03-31,2.8,3.4254,0.3525
549,Versoix,2023-11-30,3.2,2.6213,0.1427
550,Versoix,2023-12-31,3.3,2.6137,0.1427
551,Versoix,2024-01-31,3.4,2.6259,0.1441
552,Versoix,2024-02-29,3.4,2.6328,0.1447
553,Versoix,2024-03-31,3.4,2.6328,0.1435
554,Versoix,2024-04-30,3.4,2.6319,0.145
555,Versoix,2024-05-31,3.5,2.6224,0.1506
556,Versoix,2024-06-30,3.6,2.6228,0.1506
557,Versoix,2024-07-31,4.9,2.6228,0.1506
558,Versoix,2024-08-31,4.9,2.6487,0.1597
559,Versoix,2024-09-30,4.6,2.7099,0.1662
560,Versoix,2024-10-31,3.7,2.7047,0.1667
561,Versoix,2024-11-30,3.8,2.712,0.1655
562,Versoix,2024-12-31,3.9,2.7387,0.1667
563,Versoix,2025-01-31,4.5,2.7633,0.1669
564,Versoix,2025-02-28,4.5,2.448,0.1691
565,Versoix,2025-03-31,4.2,2.4533,0.1683
566,Veyrier,2023-11-30,42.6,2.5288,0.4412
567,Veyrier,2023-12-31,36.8,2.5191,0.4503
568,Veyrier,2024-01-31,39.3,2.5219,0.459
569,Veyrier,2024-02-29,40.8,2.5269,0.4647
570,Veyrier,2024-03-31,42.7,2.5269,0.472
571,Veyrier,2024-04-30,43.3,2.5103,0.482
572,Veyrier,2024-05-31,33.0,2.501,0.5088
573,Veyrier,2024-06-30,33.1,2.4981,0.5088
574,Veyrier,2024-07-31,26.8,2.4981,0.5088
575,Veyrier,2024-08-31,26.8,2.4849,0.565
576,Veyrier,2024-09-30,34.4,2.5416,0.5827
577,Veyrier,2024-10-31,35.4,2.5388,0.5864
578,Veyrier,2024-11-30,36.0,2.5447,0.5953
579,Veyrier,2024-12-31,36.6,2.5535,0.5982
580,Veyrier,2025-01-31,48.8,2.6138,0.5973
581,Veyrier,2025-02-28,43.6,2.3159,0.6008
582,Veyrier,2025-03-31,38.4,2.3037,0.5918
