,Commune,Année,Médiane_couples_mariés,Médiane_celibataire
0,Aire-la-Ville,2010,182788,56393
1,Aire-la-Ville,2011,185509,61451
2,Aire-la-Ville,2012,188721,58982
3,Aire-la-Ville,2013,183835,60822
4,Aire-la-Ville,2014,188643,62734
5,Aire-la-Ville,2015,188138,58200
6,Aire-la-Ville,2016,187908,55509
7,Aire-la-Ville,2017,186688,61058
8,Aire-la-Ville,2018,193015,59963
9,Anières,2010,216706,43970
10,Anières,2011,222602,42002
11,Anières,2012,205514,43500
12,Anières,2013,226128,44874
13,Anières,2014,220801,45329
14,Anières,2015,219222,47882
15,Anières,2016,224029,47185
16,Anières,2017,222955,47671
17,Anières,2018,228257,47620
18,Avully,2010,131844,54340
19,Avully,2011,130994,55390
20,Avully,2012,133958,57703
21,Avully,2013,132916,56804
22,Avully,2014,134381,54730
23,Avully,2015,134873,53734
24,Avully,2016,137022,54058
25,Avully,2017,136227,53406
26,Avully,2018,137767,55927
27,Avusy,2010,183475,63028
28,Avusy,2011,190231,61992
29,Avusy,2012,191631,58292
30,Avusy,2013,200180,57217
31,Avusy,2014,200631,55619
32,Avusy,2015,199997,56009
33,Avusy,2016,200444,58237
34,Avusy,2017,207792,59610
35,Avusy,2018,206158,55868
36,Bardonnex,2010,160449,58971
37,Bardonnex,2011,160027,58205
38,Bardonnex,2012,159735,58661
39,Bardonnex,2013,163216,53962
40,Bardonnex,2014,161137,56051
41,Bardonnex,2015,161780,58660
42,Bardonnex,2016,163253,60360
43,Bardonnex,2017,161211,59066
44,Bardonnex,2018,156786,60901
45,Bellevue,2010,146368,51771
46,Bellevue,2011,149004,52873
47,Bellevue,2012,151768,50292
48,Bellevue,2013,153588,51451
49,Bellevue,2014,156314,52164
50,Bellevue,2015,156489,51020
51,Bellevue,2016,154403,50000
52,Bellevue,2017,155232,48174
53,Bellevue,2018,150063,47291
54,Bernex,2010,153063,56946
55,Bernex,2011,153848,57160
56,Bernex,2012,152414,55228
57,Bernex,2013,154028,55063
58,Bernex,2014,151242,60037
59,Bernex,2015,153783,59252
60,Bernex,2016,153503,58467
61,Bernex,2017,155455,58272
62,Bernex,2018,157646,57438
63,Carouge,2010,115621,50316
64,Carouge,2011,116906,51807
65,Carouge,2012,118173,51087
66,Carouge,2013,120820,51701
67,Carouge,2014,123167,53802
68,Carouge,2015,121181,53345
69,Carouge,2016,122264,53017
70,Carouge,2017,125665,53553
71,Carouge,2018,126947,54045
72,Cartigny,2010,187375,51580
73,Cartigny,2011,201529,61646
74,Cartigny,2012,198741,58299
75,Cartigny,2013,191206,54838
76,Cartigny,2014,190971,56123
77,Cartigny,2015,189844,58961
78,Cartigny,2016,189893,68000
79,Cartigny,2017,193964,65367
80,Cartigny,2018,194266,66624
81,Chancy,2010,164892,65308
82,Chancy,2011,167837,64145
83,Chancy,2012,165498,62216
84,Chancy,2013,173140,58514
85,Chancy,2014,163957,57651
86,Chancy,2015,165441,59814
87,Chancy,2016,164167,61091
88,Chancy,2017,161049,59682
89,Chancy,2018,157773,58492
90,Choulex,2010,194729,52520
91,Choulex,2011,197154,53160
92,Choulex,2012,204876,53355
93,Choulex,2013,202220,56457
94,Choulex,2014,205657,58153
95,Choulex,2015,200980,61662
96,Choulex,2016,200912,60938
97,Choulex,2017,205426,68489
98,Choulex,2018,207004,66018
99,Chêne-Bougeries,2010,170103,45103
100,Chêne-Bougeries,2011,165352,43184
101,Chêne-Bougeries,2012,163664,42905
102,Chêne-Bougeries,2013,169679,44696
103,Chêne-Bougeries,2014,167293,51867
104,Chêne-Bougeries,2015,169881,52133
105,Chêne-Bougeries,2016,172390,54264
106,Chêne-Bougeries,2017,169825,54143
107,Chêne-Bougeries,2018,174116,55642
108,Chêne-Bourg,2010,118435,46821
109,Chêne-Bourg,2011,117206,45783
110,Chêne-Bourg,2012,119109,44993
111,Chêne-Bourg,2013,119933,44834
112,Chêne-Bourg,2014,120801,48297
113,Chêne-Bourg,2015,116634,48186
114,Chêne-Bourg,2016,120248,47904
115,Chêne-Bourg,2017,118188,48905
116,Chêne-Bourg,2018,121711,48899
117,Collex-Bossy,2010,179832,48560
118,Collex-Bossy,2011,179924,49800
119,Collex-Bossy,2012,185983,42661
120,Collex-Bossy,2013,181879,51295
121,Collex-Bossy,2014,180507,56891
122,Collex-Bossy,2015,180968,59800
123,Collex-Bossy,2016,185041,60233
124,Collex-Bossy,2017,184096,59375
125,Collex-Bossy,2018,189717,56667
126,Collonge-Bellerive,2010,200746,47456
127,Collonge-Bellerive,2011,200779,46884
128,Collonge-Bellerive,2012,197355,44079
129,Collonge-Bellerive,2013,206573,43736
130,Collonge-Bellerive,2014,203507,46991
131,Collonge-Bellerive,2015,205708,48059
132,Collonge-Bellerive,2016,208446,48187
133,Collonge-Bellerive,2017,214146,50152
134,Collonge-Bellerive,2018,225283,51241
135,Cologny,2010,204172,49956
136,Cologny,2011,201866,49199
137,Cologny,2012,200093,47603
138,Cologny,2013,201494,47797
139,Cologny,2014,196426,59862
140,Cologny,2015,200131,59918
141,Cologny,2016,198972,62066
142,Cologny,2017,203566,60297
143,Cologny,2018,204900,63910
144,Confignon,2010,163576,52453
145,Confignon,2011,162678,53181
146,Confignon,2012,164474,50739
147,Confignon,2013,164214,48295
148,Confignon,2014,165519,51783
149,Confignon,2015,164997,53479
150,Confignon,2016,163826,54767
151,Confignon,2017,166537,53647
152,Confignon,2018,172304,54563
153,Corsier,2010,193607,51483
154,Corsier,2011,189399,43695
155,Corsier,2012,191422,41157
156,Corsier,2013,200308,43416
157,Corsier,2014,202898,44244
158,Corsier,2015,202092,44761
159,Corsier,2016,198510,44130
160,Corsier,2017,198434,46214
161,Corsier,2018,198662,52015
162,Céligny,2010,170131,44059
163,Céligny,2011,169931,39345
164,Céligny,2012,178438,39495
165,Céligny,2013,175226,41049
166,Céligny,2014,169565,44199
167,Céligny,2015,172097,47934
168,Céligny,2016,167426,49892
169,Céligny,2017,172684,44224
170,Céligny,2018,176861,47185
171,Dardagny,2010,146156,49462
172,Dardagny,2011,148552,51240
173,Dardagny,2012,144441,50030
174,Dardagny,2013,146731,48404
175,Dardagny,2014,148347,51764
176,Dardagny,2015,146828,49385
177,Dardagny,2016,147047,56668
178,Dardagny,2017,145245,57221
179,Dardagny,2018,148270,58780
180,Genthod,2010,183503,45268
181,Genthod,2011,182530,42976
182,Genthod,2012,180536,42824
183,Genthod,2013,186318,42236
184,Genthod,2014,190299,49543
185,Genthod,2015,190861,46214
186,Genthod,2016,187677,48429
187,Genthod,2017,189961,49607
188,Genthod,2018,189508,47353
189,Genève,2010,110648,48509
190,Genève,2011,111716,48472
191,Genève,2012,111579,47637
192,Genève,2013,112695,47715
193,Genève,2014,114231,52275
194,Genève,2015,114683,52282
195,Genève,2016,115199,52555
196,Genève,2017,116170,52680
197,Genève,2018,118258,53265
198,Grand-Saconnex,2010,125191,49881
199,Grand-Saconnex,2011,126778,49390
200,Grand-Saconnex,2012,127471,50113
201,Grand-Saconnex,2013,128559,47944
202,Grand-Saconnex,2014,129417,53611
203,Grand-Saconnex,2015,127794,52348
204,Grand-Saconnex,2016,128009,52204
205,Grand-Saconnex,2017,127123,50752
206,Grand-Saconnex,2018,127832,49015
207,Gy,2010,222191,30325
208,Gy,2011,220495,42763
209,Gy,2012,212981,42693
210,Gy,2013,207057,49694
211,Gy,2014,201284,54837
212,Gy,2015,205891,54840
213,Gy,2016,207654,53789
214,Gy,2017,207118,49559
215,Gy,2018,202415,59000
216,Hermance,2010,201843,48475
217,Hermance,2011,190170,49290
218,Hermance,2012,203509,45717
219,Hermance,2013,210791,46757
220,Hermance,2014,199806,54732
221,Hermance,2015,209066,54469
222,Hermance,2016,198331,49837
223,Hermance,2017,202422,54809
224,Hermance,2018,216298,51182
225,Jussy,2010,168274,50419
226,Jussy,2011,174201,53596
227,Jussy,2012,173968,54574
228,Jussy,2013,170015,56946
229,Jussy,2014,177105,57006
230,Jussy,2015,178146,52898
231,Jussy,2016,170676,51746
232,Jussy,2017,181374,52499
233,Jussy,2018,175964,54158
234,Laconnex,2010,171395,57414
235,Laconnex,2011,182112,56344
236,Laconnex,2012,181483,55698
237,Laconnex,2013,186794,56945
238,Laconnex,2014,182675,59417
239,Laconnex,2015,188640,67228
240,Laconnex,2016,179164,60410
241,Laconnex,2017,179760,63182
242,Laconnex,2018,171744,62414
243,Lancy,2010,113855,52740
244,Lancy,2011,115897,52586
245,Lancy,2012,118422,51847
246,Lancy,2013,118404,51229
247,Lancy,2014,119959,54580
248,Lancy,2015,119635,54375
249,Lancy,2016,120568,54910
250,Lancy,2017,121045,54784
251,Lancy,2018,121506,54542
252,Meinier,2010,159842,56768
253,Meinier,2011,153177,53670
254,Meinier,2012,153184,54110
255,Meinier,2013,158328,53573
256,Meinier,2014,159216,55271
257,Meinier,2015,160387,55548
258,Meinier,2016,161707,57020
259,Meinier,2017,158877,57004
260,Meinier,2018,152513,55109
261,Meyrin,2010,109034,48881
262,Meyrin,2011,109586,48668
263,Meyrin,2012,110160,47667
264,Meyrin,2013,109287,47826
265,Meyrin,2014,110527,51039
266,Meyrin,2015,110428,49556
267,Meyrin,2016,111979,49282
268,Meyrin,2017,112427,49089
269,Meyrin,2018,112334,49707
270,Onex,2010,110988,44909
271,Onex,2011,110861,45380
272,Onex,2012,111911,45303
273,Onex,2013,112109,44412
274,Onex,2014,113064,48378
275,Onex,2015,114169,48646
276,Onex,2016,114589,49199
277,Onex,2017,114533,48957
278,Onex,2018,114558,49692
279,Perly-Certoux,2010,133878,64904
280,Perly-Certoux,2011,137559,62713
281,Perly-Certoux,2012,137319,62050
282,Perly-Certoux,2013,135456,61095
283,Perly-Certoux,2014,139874,62911
284,Perly-Certoux,2015,137899,62661
285,Perly-Certoux,2016,140271,60955
286,Perly-Certoux,2017,137759,60881
287,Perly-Certoux,2018,139409,61402
288,Plan-les-Ouates,2010,161330,55130
289,Plan-les-Ouates,2011,162628,55153
290,Plan-les-Ouates,2012,163640,52588
291,Plan-les-Ouates,2013,165205,54813
292,Plan-les-Ouates,2014,164950,57165
293,Plan-les-Ouates,2015,165826,55124
294,Plan-les-Ouates,2016,166471,54768
295,Plan-les-Ouates,2017,168410,55729
296,Plan-les-Ouates,2018,170378,54783
297,Pregny-Chambésy,2010,168387,47424
298,Pregny-Chambésy,2011,172835,42096
299,Pregny-Chambésy,2012,168936,42656
300,Pregny-Chambésy,2013,175705,46208
301,Pregny-Chambésy,2014,174028,52684
302,Pregny-Chambésy,2015,177488,52929
303,Pregny-Chambésy,2016,176059,45155
304,Pregny-Chambésy,2017,177000,47364
305,Pregny-Chambésy,2018,188133,54322
306,Presinge,2010,176300,38643
307,Presinge,2011,182019,38063
308,Presinge,2012,162591,36156
309,Presinge,2013,162954,38603
310,Presinge,2014,163473,62788
311,Presinge,2015,181177,55211
312,Presinge,2016,168137,68047
313,Presinge,2017,164723,63276
314,Presinge,2018,168420,59936
315,Puplinge,2010,164610,55792
316,Puplinge,2011,162643,55442
317,Puplinge,2012,164478,52919
318,Puplinge,2013,167769,55564
319,Puplinge,2014,168392,56248
320,Puplinge,2015,170389,60352
321,Puplinge,2016,164883,59277
322,Puplinge,2017,162985,59897
323,Puplinge,2018,164695,61800
324,Russin,2010,162204,64818
325,Russin,2011,159163,57168
326,Russin,2012,156490,55204
327,Russin,2013,163057,59645
328,Russin,2014,162473,64198
329,Russin,2015,159348,65003
330,Russin,2016,169203,61792
331,Russin,2017,165822,65279
332,Russin,2018,179451,67783
333,Satigny,2010,157521,60246
334,Satigny,2011,158461,59127
335,Satigny,2012,159335,56932
336,Satigny,2013,165687,59844
337,Satigny,2014,165121,62413
338,Satigny,2015,167233,60206
339,Satigny,2016,168209,59810
340,Satigny,2017,168254,58450
341,Satigny,2018,168045,58110
342,Soral,2010,174630,58560
343,Soral,2011,177816,56975
344,Soral,2012,180269,61631
345,Soral,2013,182973,60580
346,Soral,2014,182537,75772
347,Soral,2015,184145,74053
348,Soral,2016,180272,76644
349,Soral,2017,170332,77266
350,Soral,2018,175053,72597
351,Thônex,2010,129283,44531
352,Thônex,2011,130033,43632
353,Thônex,2012,129317,43109
354,Thônex,2013,131989,41843
355,Thônex,2014,133038,46560
356,Thônex,2015,131740,46383
357,Thônex,2016,133497,46862
358,Thônex,2017,135005,47034
359,Thônex,2018,133537,47174
360,Troinex,2010,182691,58806
361,Troinex,2011,191916,55860
362,Troinex,2012,187455,50229
363,Troinex,2013,193885,50425
364,Troinex,2014,193693,54049
365,Troinex,2015,196007,50206
366,Troinex,2016,192454,49940
367,Troinex,2017,195704,50972
368,Troinex,2018,199028,51881
369,Vandoeuvres,2010,256534,37912
370,Vandoeuvres,2011,247179,42376
371,Vandoeuvres,2012,242358,41869
372,Vandoeuvres,2013,246443,43255
373,Vandoeuvres,2014,248508,43656
374,Vandoeuvres,2015,257648,41199
375,Vandoeuvres,2016,274098,42697
376,Vandoeuvres,2017,289341,44179
377,Vandoeuvres,2018,288550,45501
378,Vernier,2010,101326,39483
379,Vernier,2011,102895,39985
380,Vernier,2012,103725,38893
381,Vernier,2013,103446,38612
382,Vernier,2014,104477,44816
383,Vernier,2015,104150,44183
384,Vernier,2016,104685,44133
385,Vernier,2017,105269,44050
386,Vernier,2018,105324,44323
387,Versoix,2010,122792,44702
388,Versoix,2011,122021,43758
389,Versoix,2012,123539,41736
390,Versoix,2013,123021,43200
391,Versoix,2014,123557,48943
392,Versoix,2015,122880,49099
393,Versoix,2016,123513,49840
394,Versoix,2017,123173,50154
395,Versoix,2018,125498,49830
396,Veyrier,2010,202810,43144
397,Veyrier,2011,204923,42820
398,Veyrier,2012,207439,41719
399,Veyrier,2013,207692,42021
400,Veyrier,2014,210336,51213
401,Veyrier,2015,211323,52431
402,Veyrier,2016,213176,53111
403,Veyrier,2017,212835,52600
404,Veyrier,2018,213093,52645
