,Commune,Année,Densité_km2
0,Aire-la-Ville,2005,286.0
1,Aire-la-Ville,2006,311.0
2,Aire-la-Ville,2007,374.0
3,Aire-la-Ville,2008,383.0
4,Aire-la-Ville,2009,389.0
5,Aire-la-Ville,2010,397.0
6,Aire-la-Ville,2011,390.0
7,Aire-la-Ville,2012,382.0
8,Aire-la-Ville,2013,382.0
9,Aire-la-Ville,2014,395.0
10,Aire-la-Ville,2015,396.0
11,Aire-la-Ville,2016,395.0
12,Aire-la-Ville,2017,398.0
13,Aire-la-Ville,2018,402.0
14,Aire-la-Ville,2019,398.0
15,Aire-la-Ville,2020,395.0
16,Aire-la-Ville,2021,388.0
17,Aire-la-Ville,2022,391.0
18,Aire-la-Ville,2023,395.6921217396154
19,Aire-la-Ville,2024,398.4257460694227
20,Anières,2005,613.0
21,Anières,2006,628.0
22,Anières,2007,625.0
23,Anières,2008,655.0
24,Anières,2009,654.0
25,Anières,2010,657.0
26,Anières,2011,646.0
27,Anières,2012,659.0
28,Anières,2013,653.0
29,Anières,2014,647.0
30,Anières,2015,663.0
31,Anières,2016,668.0
32,Anières,2017,656.0
33,Anières,2018,640.0
34,Anières,2019,634.0
35,Anières,2020,630.0
36,Anières,2021,643.0
37,Anières,2022,666.0
38,Anières,2023,672.9530370342706
39,Anières,2024,680.2085953850444
40,Avully,2005,388.0
41,Avully,2006,377.0
42,Avully,2007,379.0
43,Avully,2008,383.0
44,Avully,2009,385.0
45,Avully,2010,380.0
46,Avully,2011,381.0
47,Avully,2012,383.0
48,Avully,2013,384.0
49,Avully,2014,385.0
50,Avully,2015,387.0
51,Avully,2016,381.0
52,Avully,2017,385.0
53,Avully,2018,380.0
54,Avully,2019,372.0
55,Avully,2020,379.0
56,Avully,2021,373.0
57,Avully,2022,377.0
58,Avully,2023,381.961870748062
59,Avully,2024,378.93042732942655
60,Avusy,2005,242.0
61,Avusy,2006,252.0
62,Avusy,2007,252.0
63,Avusy,2008,266.0
64,Avusy,2009,266.0
65,Avusy,2010,268.0
66,Avusy,2011,276.0
67,Avusy,2012,281.0
68,Avusy,2013,279.0
69,Avusy,2014,281.0
70,Avusy,2015,277.0
71,Avusy,2016,272.0
72,Avusy,2017,279.0
73,Avusy,2018,276.0
74,Avusy,2019,271.0
75,Avusy,2020,271.0
76,Avusy,2021,267.0
77,Avusy,2022,271.0
78,Avusy,2023,273.0114798573963
79,Avusy,2024,273.0114798573963
80,Bardonnex,2005,429.0
81,Bardonnex,2006,422.0
82,Bardonnex,2007,426.0
83,Bardonnex,2008,432.0
84,Bardonnex,2009,438.0
85,Bardonnex,2010,444.0
86,Bardonnex,2011,442.0
87,Bardonnex,2012,447.0
88,Bardonnex,2013,447.0
89,Bardonnex,2014,452.0
90,Bardonnex,2015,453.0
91,Bardonnex,2016,449.0
92,Bardonnex,2017,443.0
93,Bardonnex,2018,459.0
94,Bardonnex,2019,454.0
95,Bardonnex,2020,478.0
96,Bardonnex,2021,497.0
97,Bardonnex,2022,507.0
98,Bardonnex,2023,509.3306747913174
99,Bardonnex,2024,509.7309346536289
100,Bellevue,2005,638.0
101,Bellevue,2006,663.0
102,Bellevue,2007,669.0
103,Bellevue,2008,719.0
104,Bellevue,2009,721.0
105,Bellevue,2010,738.0
106,Bellevue,2011,727.0
107,Bellevue,2012,739.0
108,Bellevue,2013,743.0
109,Bellevue,2014,743.0
110,Bellevue,2015,760.0
111,Bellevue,2016,771.0
112,Bellevue,2017,762.0
113,Bellevue,2018,750.0
114,Bellevue,2019,767.0
115,Bellevue,2020,793.0
116,Bellevue,2021,808.0
117,Bellevue,2022,928.0
118,Bellevue,2023,936.1650975474088
119,Bellevue,2024,941.4412056688471
120,Bernex,2005,724.0
121,Bernex,2006,729.0
122,Bernex,2007,731.0
123,Bernex,2008,738.0
124,Bernex,2009,748.0
125,Bernex,2010,754.0
126,Bernex,2011,754.0
127,Bernex,2012,756.0
128,Bernex,2013,763.0
129,Bernex,2014,766.0
130,Bernex,2015,780.0
131,Bernex,2016,782.0
132,Bernex,2017,777.0
133,Bernex,2018,797.0
134,Bernex,2019,797.0
135,Bernex,2020,796.0
136,Bernex,2021,794.0
137,Bernex,2022,808.0
138,Bernex,2023,842.9079593113632
139,Bernex,2024,861.3579091488406
140,Carouge,2005,7041.0
141,Carouge,2006,7103.0
142,Carouge,2007,7088.0
143,Carouge,2008,7241.0
144,Carouge,2009,7322.0
145,Carouge,2010,7381.0
146,Carouge,2011,7495.0
147,Carouge,2012,7677.0
148,Carouge,2013,7763.0
149,Carouge,2014,7863.0
150,Carouge,2015,8062.0
151,Carouge,2016,8239.0
152,Carouge,2017,8392.0
153,Carouge,2018,8443.0
154,Carouge,2019,8536.0
155,Carouge,2020,8496.0
156,Carouge,2021,8428.0
157,Carouge,2022,8405.0
158,Carouge,2023,8380.706503667025
159,Carouge,2024,8420.385069856951
160,Cartigny,2005,190.0
161,Cartigny,2006,186.0
162,Cartigny,2007,184.0
163,Cartigny,2008,185.0
164,Cartigny,2009,190.0
165,Cartigny,2010,195.0
166,Cartigny,2011,202.0
167,Cartigny,2012,199.0
168,Cartigny,2013,196.0
169,Cartigny,2014,200.0
170,Cartigny,2015,197.0
171,Cartigny,2016,202.0
172,Cartigny,2017,217.0
173,Cartigny,2018,220.0
174,Cartigny,2019,224.0
175,Cartigny,2020,221.0
176,Cartigny,2021,231.0
177,Cartigny,2022,235.0
178,Cartigny,2023,236.34828375900207
179,Cartigny,2024,237.94523162223857
180,Chancy,2005,172.0
181,Chancy,2006,190.0
182,Chancy,2007,201.0
183,Chancy,2008,207.0
184,Chancy,2009,207.0
185,Chancy,2010,213.0
186,Chancy,2011,211.0
187,Chancy,2012,212.0
188,Chancy,2013,256.0
189,Chancy,2014,283.0
190,Chancy,2015,298.0
191,Chancy,2016,306.0
192,Chancy,2017,312.0
193,Chancy,2018,313.0
194,Chancy,2019,316.0
195,Chancy,2020,316.0
196,Chancy,2021,314.0
197,Chancy,2022,307.0
198,Chancy,2023,305.332131344368
199,Chancy,2024,307.0046749731564
200,Choulex,2005,247.0
201,Choulex,2006,247.0
202,Choulex,2007,258.0
203,Choulex,2008,255.0
204,Choulex,2009,256.0
205,Choulex,2010,262.0
206,Choulex,2011,273.0
207,Choulex,2012,278.0
208,Choulex,2013,273.0
209,Choulex,2014,286.0
210,Choulex,2015,295.0
211,Choulex,2016,288.0
212,Choulex,2017,297.0
213,Choulex,2018,304.0
214,Choulex,2019,307.0
215,Choulex,2020,305.0
216,Choulex,2021,309.0
217,Choulex,2022,317.0
218,Choulex,2023,322.34812570359964
219,Choulex,2024,320.04563909143104
220,Chêne-Bougeries,2005,2450.0
221,Chêne-Bougeries,2006,2461.0
222,Chêne-Bougeries,2007,2451.0
223,Chêne-Bougeries,2008,2486.0
224,Chêne-Bougeries,2009,2485.0
225,Chêne-Bougeries,2010,2524.0
226,Chêne-Bougeries,2011,2507.0
227,Chêne-Bougeries,2012,2562.0
228,Chêne-Bougeries,2013,2564.0
229,Chêne-Bougeries,2014,2701.0
230,Chêne-Bougeries,2015,2734.0
231,Chêne-Bougeries,2016,2787.0
232,Chêne-Bougeries,2017,2866.0
233,Chêne-Bougeries,2018,2956.0
234,Chêne-Bougeries,2019,3031.0
235,Chêne-Bougeries,2020,3049.0
236,Chêne-Bougeries,2021,3170.0
237,Chêne-Bougeries,2022,3239.0
238,Chêne-Bougeries,2023,3340.1189939779824
239,Chêne-Bougeries,2024,3448.799655387244
240,Chêne-Bourg,2005,6096.0
241,Chêne-Bourg,2006,6117.0
242,Chêne-Bourg,2007,6157.0
243,Chêne-Bourg,2008,6168.0
244,Chêne-Bourg,2009,6245.0
245,Chêne-Bourg,2010,6324.0
246,Chêne-Bourg,2011,6327.0
247,Chêne-Bourg,2012,6367.0
248,Chêne-Bourg,2013,6352.0
249,Chêne-Bourg,2014,6398.0
250,Chêne-Bourg,2015,6645.0
251,Chêne-Bourg,2016,6700.0
252,Chêne-Bourg,2017,6799.0
253,Chêne-Bourg,2018,6815.0
254,Chêne-Bourg,2019,6795.0
255,Chêne-Bourg,2020,6885.0
256,Chêne-Bourg,2021,6948.0
257,Chêne-Bourg,2022,6972.0
258,Chêne-Bourg,2023,7391.480565290565
259,Chêne-Bourg,2024,7485.952853069182
260,Collex-Bossy,2005,229.0
261,Collex-Bossy,2006,227.0
262,Collex-Bossy,2007,230.0
263,Collex-Bossy,2008,236.0
264,Collex-Bossy,2009,235.0
265,Collex-Bossy,2010,243.0
266,Collex-Bossy,2011,244.0
267,Collex-Bossy,2012,241.0
268,Collex-Bossy,2013,242.0
269,Collex-Bossy,2014,244.0
270,Collex-Bossy,2015,242.0
271,Collex-Bossy,2016,242.0
272,Collex-Bossy,2017,244.0
273,Collex-Bossy,2018,243.0
274,Collex-Bossy,2019,240.0
275,Collex-Bossy,2020,244.0
276,Collex-Bossy,2021,249.0
277,Collex-Bossy,2022,254.0
278,Collex-Bossy,2023,244.3670379464687
279,Collex-Bossy,2024,243.20545963180936
280,Collonge-Bellerive,2005,1145.0
281,Collonge-Bellerive,2006,1174.0
282,Collonge-Bellerive,2007,1200.0
283,Collonge-Bellerive,2008,1215.0
284,Collonge-Bellerive,2009,1222.0
285,Collonge-Bellerive,2010,1243.0
286,Collonge-Bellerive,2011,1226.0
287,Collonge-Bellerive,2012,1228.0
288,Collonge-Bellerive,2013,1238.0
289,Collonge-Bellerive,2014,1280.0
290,Collonge-Bellerive,2015,1313.0
291,Collonge-Bellerive,2016,1322.0
292,Collonge-Bellerive,2017,1335.0
293,Collonge-Bellerive,2018,1346.0
294,Collonge-Bellerive,2019,1366.0
295,Collonge-Bellerive,2020,1387.0
296,Collonge-Bellerive,2021,1399.0
297,Collonge-Bellerive,2022,1401.0
298,Collonge-Bellerive,2023,1412.7856042373267
299,Collonge-Bellerive,2024,1411.8052973533872
300,Cologny,2005,1350.0
301,Cologny,2006,1341.0
302,Cologny,2007,1355.0
303,Cologny,2008,1343.0
304,Cologny,2009,1328.0
305,Cologny,2010,1337.0
306,Cologny,2011,1365.0
307,Cologny,2012,1344.0
308,Cologny,2013,1374.0
309,Cologny,2014,1408.0
310,Cologny,2015,1515.0
311,Cologny,2016,1503.0
312,Cologny,2017,1513.0
313,Cologny,2018,1522.0
314,Cologny,2019,1532.0
315,Cologny,2020,1610.0
316,Cologny,2021,1628.0
317,Cologny,2022,1666.0
318,Cologny,2023,1658.5164835164835
319,Cologny,2024,1651.098901098901
320,Confignon,2005,1251.0
321,Confignon,2006,1356.0
322,Confignon,2007,1449.0
323,Confignon,2008,1462.0
324,Confignon,2009,1484.0
325,Confignon,2010,1506.0
326,Confignon,2011,1554.0
327,Confignon,2012,1561.0
328,Confignon,2013,1584.0
329,Confignon,2014,1613.0
330,Confignon,2015,1636.0
331,Confignon,2016,1660.0
332,Confignon,2017,1670.0
333,Confignon,2018,1676.0
334,Confignon,2019,1675.0
335,Confignon,2020,1656.0
336,Confignon,2021,1647.0
337,Confignon,2022,1661.0
338,Confignon,2023,1646.9447165441843
339,Confignon,2024,1648.3878225389656
340,Corsier,2005,626.0
341,Corsier,2006,636.0
342,Corsier,2007,632.0
343,Corsier,2008,644.0
344,Corsier,2009,647.0
345,Corsier,2010,659.0
346,Corsier,2011,682.0
347,Corsier,2012,702.0
348,Corsier,2013,725.0
349,Corsier,2014,739.0
350,Corsier,2015,742.0
351,Corsier,2016,740.0
352,Corsier,2017,759.0
353,Corsier,2018,778.0
354,Corsier,2019,808.0
355,Corsier,2020,844.0
356,Corsier,2021,847.0
357,Corsier,2022,838.0
358,Corsier,2023,838.3499456474232
359,Corsier,2024,847.4862789696488
360,Céligny,2005,142.0
361,Céligny,2006,138.0
362,Céligny,2007,135.0
363,Céligny,2008,139.0
364,Céligny,2009,144.0
365,Céligny,2010,143.0
366,Céligny,2011,142.0
367,Céligny,2012,136.0
368,Céligny,2013,143.0
369,Céligny,2014,149.0
370,Céligny,2015,148.0
371,Céligny,2016,165.0
372,Céligny,2017,170.0
373,Céligny,2018,174.0
374,Céligny,2019,173.0
375,Céligny,2020,171.0
376,Céligny,2021,178.0
377,Céligny,2022,185.0
378,Céligny,2023,188.5587701798133
379,Céligny,2024,187.05374008715802
380,Dardagny,2005,154.0
381,Dardagny,2006,150.0
382,Dardagny,2007,151.0
383,Dardagny,2008,154.0
384,Dardagny,2009,155.0
385,Dardagny,2010,171.0
386,Dardagny,2011,177.0
387,Dardagny,2012,176.0
388,Dardagny,2013,177.0
389,Dardagny,2014,179.0
390,Dardagny,2015,180.0
391,Dardagny,2016,209.0
392,Dardagny,2017,218.0
393,Dardagny,2018,218.0
394,Dardagny,2019,219.0
395,Dardagny,2020,217.0
396,Dardagny,2021,218.0
397,Dardagny,2022,217.0
398,Dardagny,2023,217.41389314909804
399,Dardagny,2024,214.62206145536965
400,Genthod,2005,918.0
401,Genthod,2006,931.0
402,Genthod,2007,944.0
403,Genthod,2008,959.0
404,Genthod,2009,955.0
405,Genthod,2010,962.0
406,Genthod,2011,967.0
407,Genthod,2012,944.0
408,Genthod,2013,955.0
409,Genthod,2014,967.0
410,Genthod,2015,966.0
411,Genthod,2016,962.0
412,Genthod,2017,973.0
413,Genthod,2018,984.0
414,Genthod,2019,994.0
415,Genthod,2020,1005.0
416,Genthod,2021,1003.0
417,Genthod,2022,1008.0
418,Genthod,2023,1005.7982723555325
419,Genthod,2024,993.6046666982953
420,Genève,2005,11642.0
421,Genève,2006,11696.0
422,Genève,2007,11686.0
423,Genève,2008,11833.0
424,Genève,2009,11911.0
425,Genève,2010,12040.0
426,Genève,2011,12078.0
427,Genève,2012,12153.0
428,Genève,2013,12216.0
429,Genève,2014,12419.0
430,Genève,2015,12657.0
431,Genève,2016,12653.0
432,Genève,2017,12737.0
433,Genève,2018,12780.0
434,Genève,2019,12922.0
435,Genève,2020,12899.0
436,Genève,2021,12885.0
437,Genève,2022,12898.0
438,Genève,2023,12953.996224040277
439,Genève,2024,13093.706733794841
440,Grand-Saconnex,2005,2254.0
441,Grand-Saconnex,2006,2374.0
442,Grand-Saconnex,2007,2421.0
443,Grand-Saconnex,2008,2461.0
444,Grand-Saconnex,2009,2542.0
445,Grand-Saconnex,2010,2663.0
446,Grand-Saconnex,2011,2708.0
447,Grand-Saconnex,2012,2718.0
448,Grand-Saconnex,2013,2736.0
449,Grand-Saconnex,2014,2752.0
450,Grand-Saconnex,2015,2777.0
451,Grand-Saconnex,2016,2773.0
452,Grand-Saconnex,2017,2734.0
453,Grand-Saconnex,2018,2757.0
454,Grand-Saconnex,2019,2799.0
455,Grand-Saconnex,2020,2828.0
456,Grand-Saconnex,2021,2811.0
457,Grand-Saconnex,2022,2810.0
458,Grand-Saconnex,2023,2927.4345878006893
459,Grand-Saconnex,2024,2960.2989037469983
460,Gy,2005,120.0
461,Gy,2006,122.0
462,Gy,2007,126.0
463,Gy,2008,125.0
464,Gy,2009,127.0
465,Gy,2010,135.0
466,Gy,2011,147.0
467,Gy,2012,145.0
468,Gy,2013,152.0
469,Gy,2014,152.0
470,Gy,2015,155.0
471,Gy,2016,148.0
472,Gy,2017,148.0
473,Gy,2018,147.0
474,Gy,2019,148.0
475,Gy,2020,145.0
476,Gy,2021,145.0
477,Gy,2022,154.0
478,Gy,2023,168.2803169724642
479,Gy,2024,167.97601260180875
480,Hermance,2005,631.0
481,Hermance,2006,629.0
482,Hermance,2007,630.0
483,Hermance,2008,635.0
484,Hermance,2009,639.0
485,Hermance,2010,653.0
486,Hermance,2011,659.0
487,Hermance,2012,681.0
488,Hermance,2013,678.0
489,Hermance,2014,712.0
490,Hermance,2015,710.0
491,Hermance,2016,709.0
492,Hermance,2017,724.0
493,Hermance,2018,752.0
494,Hermance,2019,737.0
495,Hermance,2020,755.0
496,Hermance,2021,809.0
497,Hermance,2022,854.0
498,Hermance,2023,872.7286239308903
499,Hermance,2024,876.2251328408697
500,Jussy,2005,106.0
501,Jussy,2006,110.0
502,Jussy,2007,113.0
503,Jussy,2008,111.0
504,Jussy,2009,108.0
505,Jussy,2010,107.0
506,Jussy,2011,104.0
507,Jussy,2012,106.0
508,Jussy,2013,111.0
509,Jussy,2014,112.0
510,Jussy,2015,113.0
511,Jussy,2016,112.0
512,Jussy,2017,114.0
513,Jussy,2018,112.0
514,Jussy,2019,109.0
515,Jussy,2020,109.0
516,Jussy,2021,107.0
517,Jussy,2022,107.0
518,Jussy,2023,103.43921123175579
519,Jussy,2024,107.7565207295037
520,Laconnex,2005,156.0
521,Laconnex,2006,161.0
522,Laconnex,2007,164.0
523,Laconnex,2008,164.0
524,Laconnex,2009,164.0
525,Laconnex,2010,159.0
526,Laconnex,2011,162.0
527,Laconnex,2012,160.0
528,Laconnex,2013,159.0
529,Laconnex,2014,162.0
530,Laconnex,2015,173.0
531,Laconnex,2016,170.0
532,Laconnex,2017,178.0
533,Laconnex,2018,181.0
534,Laconnex,2019,181.0
535,Laconnex,2020,187.0
536,Laconnex,2021,180.0
537,Laconnex,2022,185.0
538,Laconnex,2023,176.4547420712588
539,Laconnex,2024,185.32968471981326
540,Lancy,2005,5677.0
541,Lancy,2006,5757.0
542,Lancy,2007,5769.0
543,Lancy,2008,5840.0
544,Lancy,2009,5902.0
545,Lancy,2010,6024.0
546,Lancy,2011,6035.0
547,Lancy,2012,6103.0
548,Lancy,2013,6178.0
549,Lancy,2014,6518.0
550,Lancy,2015,6608.0
551,Lancy,2016,6651.0
552,Lancy,2017,6711.0
553,Lancy,2018,6909.0
554,Lancy,2019,7009.0
555,Lancy,2020,7129.0
556,Lancy,2021,7187.0
557,Lancy,2022,7286.0
558,Lancy,2023,7580.962343096235
559,Lancy,2024,7789.539748953975
560,Meinier,2005,252.0
561,Meinier,2006,260.0
562,Meinier,2007,257.0
563,Meinier,2008,258.0
564,Meinier,2009,261.0
565,Meinier,2010,274.0
566,Meinier,2011,271.0
567,Meinier,2012,291.0
568,Meinier,2013,296.0
569,Meinier,2014,300.0
570,Meinier,2015,308.0
571,Meinier,2016,311.0
572,Meinier,2017,309.0
573,Meinier,2018,308.0
574,Meinier,2019,305.0
575,Meinier,2020,305.0
576,Meinier,2021,302.0
577,Meinier,2022,300.0
578,Meinier,2023,299.57390896778736
579,Meinier,2024,297.7042686333749
580,Meyrin,2005,2077.0
581,Meyrin,2006,2080.0
582,Meyrin,2007,2092.0
583,Meyrin,2008,2115.0
584,Meyrin,2009,2158.0
585,Meyrin,2010,2181.0
586,Meyrin,2011,2222.0
587,Meyrin,2012,2236.0
588,Meyrin,2013,2210.0
589,Meyrin,2014,2221.0
590,Meyrin,2015,2254.0
591,Meyrin,2016,2347.0
592,Meyrin,2017,2428.0
593,Meyrin,2018,2538.0
594,Meyrin,2019,2584.0
595,Meyrin,2020,2632.0
596,Meyrin,2021,2654.0
597,Meyrin,2022,2678.0
598,Meyrin,2023,2704.0553504824265
599,Meyrin,2024,2717.036748279763
900,Moyenne,2005,1574.3777777777777
901,Moyenne,2006,1591.6444444444444
902,Moyenne,2007,1602.7777777777778
903,Moyenne,2008,1621.7111111111112
904,Moyenne,2009,1637.2888888888888
905,Moyenne,2010,1659.9777777777779
906,Moyenne,2011,1671.5333333333333
907,Moyenne,2012,1686.4888888888888
908,Moyenne,2013,1700.7333333333333
909,Moyenne,2014,1731.5555555555557
910,Moyenne,2015,1762.0222222222221
911,Moyenne,2016,1778.2666666666667
912,Moyenne,2017,1797.888888888889
913,Moyenne,2018,1810.2666666666667
914,Moyenne,2019,1826.2666666666667
915,Moyenne,2020,1838.6888888888889
916,Moyenne,2021,1853.2444444444445
917,Moyenne,2022,1879.2666666666667
918,Moyenne,2023,1911.1673301690018
919,Moyenne,2024,1933.518815209692
600,Onex,2005,6171.0
601,Onex,2006,6179.0
602,Onex,2007,6160.0
603,Onex,2008,6167.0
604,Onex,2009,6193.0
605,Onex,2010,6297.0
606,Onex,2011,6283.0
607,Onex,2012,6379.0
608,Onex,2013,6427.0
609,Onex,2014,6529.0
610,Onex,2015,6647.0
611,Onex,2016,6706.0
612,Onex,2017,6760.0
613,Onex,2018,6743.0
614,Onex,2019,6791.0
615,Onex,2020,6752.0
616,Onex,2021,6714.0
617,Onex,2022,6707.0
618,Onex,2023,6707.025933468696
619,Onex,2024,6730.832393393595
620,Perly-Certoux,2005,1088.0
621,Perly-Certoux,2006,1116.0
622,Perly-Certoux,2007,1124.0
623,Perly-Certoux,2008,1112.0
624,Perly-Certoux,2009,1133.0
625,Perly-Certoux,2010,1143.0
626,Perly-Certoux,2011,1168.0
627,Perly-Certoux,2012,1184.0
628,Perly-Certoux,2013,1208.0
629,Perly-Certoux,2014,1214.0
630,Perly-Certoux,2015,1201.0
631,Perly-Certoux,2016,1200.0
632,Perly-Certoux,2017,1219.0
633,Perly-Certoux,2018,1205.0
634,Perly-Certoux,2019,1225.0
635,Perly-Certoux,2020,1234.0
636,Perly-Certoux,2021,1234.0
637,Perly-Certoux,2022,1239.0
638,Perly-Certoux,2023,1255.9155995600358
639,Perly-Certoux,2024,1305.205850720163
640,Plan-les-Ouates,2005,1510.0
641,Plan-les-Ouates,2006,1540.0
642,Plan-les-Ouates,2007,1641.0
643,Plan-les-Ouates,2008,1674.0
644,Plan-les-Ouates,2009,1678.0
645,Plan-les-Ouates,2010,1710.0
646,Plan-les-Ouates,2011,1750.0
647,Plan-les-Ouates,2012,1761.0
648,Plan-les-Ouates,2013,1762.0
649,Plan-les-Ouates,2014,1767.0
650,Plan-les-Ouates,2015,1772.0
651,Plan-les-Ouates,2016,1811.0
652,Plan-les-Ouates,2017,1836.0
653,Plan-les-Ouates,2018,1828.0
654,Plan-les-Ouates,2019,1821.0
655,Plan-les-Ouates,2020,1816.0
656,Plan-les-Ouates,2021,2011.0
657,Plan-les-Ouates,2022,2071.0
658,Plan-les-Ouates,2023,2086.632845722886
659,Plan-les-Ouates,2024,2080.824304970096
660,Pregny-Chambésy,2005,1095.0
661,Pregny-Chambésy,2006,1098.0
662,Pregny-Chambésy,2007,1111.0
663,Pregny-Chambésy,2008,1116.0
664,Pregny-Chambésy,2009,1162.0
665,Pregny-Chambésy,2010,1139.0
666,Pregny-Chambésy,2011,1134.0
667,Pregny-Chambésy,2012,1123.0
668,Pregny-Chambésy,2013,1104.0
669,Pregny-Chambésy,2014,1112.0
670,Pregny-Chambésy,2015,1126.0
671,Pregny-Chambésy,2016,1217.0
672,Pregny-Chambésy,2017,1219.0
673,Pregny-Chambésy,2018,1143.0
674,Pregny-Chambésy,2019,1142.0
675,Pregny-Chambésy,2020,1157.0
676,Pregny-Chambésy,2021,1174.0
677,Pregny-Chambésy,2022,1202.0
678,Pregny-Chambésy,2023,1225.0134574232793
679,Pregny-Chambésy,2024,1273.9520481370287
680,Presinge,2005,131.0
681,Presinge,2006,134.0
682,Presinge,2007,143.0
683,Presinge,2008,145.0
684,Presinge,2009,140.0
685,Presinge,2010,140.0
686,Presinge,2011,145.0
687,Presinge,2012,143.0
688,Presinge,2013,142.0
689,Presinge,2014,146.0
690,Presinge,2015,151.0
691,Presinge,2016,144.0
692,Presinge,2017,148.0
693,Presinge,2018,154.0
694,Presinge,2019,156.0
695,Presinge,2020,150.0
696,Presinge,2021,151.0
697,Presinge,2022,161.0
698,Presinge,2023,158.26455986376064
699,Presinge,2024,153.37853989481232
700,Puplinge,2005,795.0
701,Puplinge,2006,788.0
702,Puplinge,2007,780.0
703,Puplinge,2008,777.0
704,Puplinge,2009,773.0
705,Puplinge,2010,760.0
706,Puplinge,2011,769.0
707,Puplinge,2012,762.0
708,Puplinge,2013,769.0
709,Puplinge,2014,764.0
710,Puplinge,2015,796.0
711,Puplinge,2016,879.0
712,Puplinge,2017,912.0
713,Puplinge,2018,923.0
714,Puplinge,2019,927.0
715,Puplinge,2020,931.0
716,Puplinge,2021,943.0
717,Puplinge,2022,945.0
718,Puplinge,2023,958.0541211838708
719,Puplinge,2024,982.0054742134677
720,Russin,2005,81.0
721,Russin,2006,82.0
722,Russin,2007,80.0
723,Russin,2008,81.0
724,Russin,2009,95.0
725,Russin,2010,97.0
726,Russin,2011,98.0
727,Russin,2012,100.0
728,Russin,2013,100.0
729,Russin,2014,103.0
730,Russin,2015,109.0
731,Russin,2016,109.0
732,Russin,2017,110.0
733,Russin,2018,110.0
734,Russin,2019,110.0
735,Russin,2020,110.0
736,Russin,2021,108.0
737,Russin,2022,109.0
738,Russin,2023,106.11682527086298
739,Russin,2024,111.00512432364744
740,Satigny,2005,160.0
741,Satigny,2006,162.0
742,Satigny,2007,163.0
743,Satigny,2008,170.0
744,Satigny,2009,175.0
745,Satigny,2010,192.0
746,Satigny,2011,201.0
747,Satigny,2012,207.0
748,Satigny,2013,210.0
749,Satigny,2014,214.0
750,Satigny,2015,218.0
751,Satigny,2016,218.0
752,Satigny,2017,222.0
753,Satigny,2018,222.0
754,Satigny,2019,228.0
755,Satigny,2020,228.0
756,Satigny,2021,233.0
757,Satigny,2022,239.0
758,Satigny,2023,245.3353186108317
759,Satigny,2024,251.518910225969
760,Soral,2005,227.0
761,Soral,2006,226.0
762,Soral,2007,228.0
763,Soral,2008,234.0
764,Soral,2009,243.0
765,Soral,2010,251.0
766,Soral,2011,251.0
767,Soral,2012,246.0
768,Soral,2013,255.0
769,Soral,2014,261.0
770,Soral,2015,258.0
771,Soral,2016,262.0
772,Soral,2017,281.0
773,Soral,2018,292.0
774,Soral,2019,323.0
775,Soral,2020,332.0
776,Soral,2021,331.0
777,Soral,2022,328.0
778,Soral,2023,324.2818642912847
779,Soral,2024,320.2028471303881
780,Thônex,2005,3463.0
781,Thônex,2006,3463.0
782,Thônex,2007,3469.0
783,Thônex,2008,3506.0
784,Thônex,2009,3526.0
785,Thônex,2010,3563.0
786,Thônex,2011,3551.0
787,Thônex,2012,3592.0
788,Thônex,2013,3626.0
789,Thônex,2014,3680.0
790,Thônex,2015,3701.0
791,Thônex,2016,3672.0
792,Thônex,2017,3711.0
793,Thônex,2018,3720.0
794,Thônex,2019,3728.0
795,Thônex,2020,3841.0
796,Thônex,2021,3915.0
797,Thônex,2022,4273.0
798,Thônex,2023,4388.1477706604865
799,Thônex,2024,4420.606033817364
800,Troinex,2005,629.0
801,Troinex,2006,625.0
802,Troinex,2007,628.0
803,Troinex,2008,636.0
804,Troinex,2009,635.0
805,Troinex,2010,636.0
806,Troinex,2011,656.0
807,Troinex,2012,656.0
808,Troinex,2013,671.0
809,Troinex,2014,680.0
810,Troinex,2015,682.0
811,Troinex,2016,666.0
812,Troinex,2017,704.0
813,Troinex,2018,730.0
814,Troinex,2019,733.0
815,Troinex,2020,744.0
816,Troinex,2021,757.0
817,Troinex,2022,769.0
818,Troinex,2023,837.0549107601619
819,Troinex,2024,918.69036008543
820,Vandoeuvres,2005,591.0
821,Vandoeuvres,2006,588.0
822,Vandoeuvres,2007,604.0
823,Vandoeuvres,2008,602.0
824,Vandoeuvres,2009,598.0
825,Vandoeuvres,2010,605.0
826,Vandoeuvres,2011,605.0
827,Vandoeuvres,2012,582.0
828,Vandoeuvres,2013,587.0
829,Vandoeuvres,2014,586.0
830,Vandoeuvres,2015,575.0
831,Vandoeuvres,2016,572.0
832,Vandoeuvres,2017,576.0
833,Vandoeuvres,2018,576.0
834,Vandoeuvres,2019,594.0
835,Vandoeuvres,2020,633.0
836,Vandoeuvres,2021,656.0
837,Vandoeuvres,2022,661.0
838,Vandoeuvres,2023,673.108484098191
839,Vandoeuvres,2024,692.7926649777011
840,Vernier,2005,4050.0
841,Vernier,2006,4140.0
842,Vernier,2007,4168.0
843,Vernier,2008,4230.0
844,Vernier,2009,4293.0
845,Vernier,2010,4336.0
846,Vernier,2011,4404.0
847,Vernier,2012,4465.0
848,Vernier,2013,4523.0
849,Vernier,2014,4574.0
850,Vernier,2015,4592.0
851,Vernier,2016,4605.0
852,Vernier,2017,4608.0
853,Vernier,2018,4562.0
854,Vernier,2019,4584.0
855,Vernier,2020,4573.0
856,Vernier,2021,4654.0
857,Vernier,2022,4821.0
858,Vernier,2023,4882.978100962884
859,Vernier,2024,4926.037184280733
860,Versoix,2005,1135.0
861,Versoix,2006,1164.0
862,Versoix,2007,1187.0
863,Versoix,2008,1214.0
864,Versoix,2009,1240.0
865,Versoix,2010,1251.0
866,Versoix,2011,1247.0
867,Versoix,2012,1240.0
868,Versoix,2013,1249.0
869,Versoix,2014,1261.0
870,Versoix,2015,1280.0
871,Versoix,2016,1265.0
872,Versoix,2017,1270.0
873,Versoix,2018,1281.0
874,Versoix,2019,1281.0
875,Versoix,2020,1274.0
876,Versoix,2021,1273.0
877,Versoix,2022,1281.0
878,Versoix,2023,1331.2147205022093
879,Versoix,2024,1326.4528993528954
880,Veyrier,2005,1475.0
881,Veyrier,2006,1491.0
882,Veyrier,2007,1490.0
883,Veyrier,2008,1501.0
884,Veyrier,2009,1506.0
885,Veyrier,2010,1542.0
886,Veyrier,2011,1583.0
887,Veyrier,2012,1585.0
888,Veyrier,2013,1671.0
889,Veyrier,2014,1702.0
890,Veyrier,2015,1739.0
891,Veyrier,2016,1779.0
892,Veyrier,2017,1781.0
893,Veyrier,2018,1793.0
894,Veyrier,2019,1836.0
895,Veyrier,2020,1829.0
896,Veyrier,2021,1823.0
897,Veyrier,2022,1836.0
898,Veyrier,2023,1835.3684682835485
899,Veyrier,2024,1858.7646446655597
