,Commune,Année,Dechet_par_habitant_kg
0,Aire-la-Ville,2003,440.7
1,Aire-la-Ville,2004,442.0
2,Aire-la-Ville,2005,389.2
3,Aire-la-Ville,2006,388.7
4,Aire-la-Ville,2007,377.5
5,Aire-la-Ville,2008,379.1
6,Aire-la-Ville,2009,356.6
7,Aire-la-Ville,2010,352.6
8,Aire-la-Ville,2011,357.6
9,Aire-la-Ville,2012,355.6
10,Aire-la-Ville,2013,367.9
11,Aire-la-Ville,2014,359.6
12,Aire-la-Ville,2015,368.1
13,Aire-la-Ville,2016,366.1
14,Aire-la-Ville,2017,350.4
15,Aire-la-Ville,2018,348.0
16,Aire-la-Ville,2019,340.4
17,Aire-la-Ville,2020,358.2
18,Aire-la-Ville,2021,351.86237765576493
19,Anières,2003,622.3
20,Anières,2004,688.0
21,Anières,2005,679.9
22,Anières,2006,698.3
23,Anières,2007,743.5
24,Anières,2008,670.1
25,Anières,2009,644.4
26,Anières,2010,641.8
27,Anières,2011,664.9
28,Anières,2012,688.6
29,Anières,2013,739.0
30,Anières,2014,746.0
31,Anières,2015,693.7
32,Anières,2016,687.0
33,Anières,2017,648.8
34,Anières,2018,656.9
35,Anières,2019,682.7
36,Anières,2020,702.5
37,Anières,2021,582.7581620314389
38,Avully,2003,482.1
39,Avully,2004,472.9
40,Avully,2005,480.3
41,Avully,2006,498.6
42,Avully,2007,438.6
43,Avully,2008,406.6
44,Avully,2009,435.5
45,Avully,2010,421.1
46,Avully,2011,399.5
47,Avully,2012,420.3
48,Avully,2013,430.8
49,Avully,2014,430.4
50,Avully,2015,395.1
51,Avully,2016,382.7
52,Avully,2017,409.8
53,Avully,2018,384.1
54,Avully,2019,475.4
55,Avully,2020,458.5
56,Avully,2021,484.76334106728535
57,Avusy,2003,447.9
58,Avusy,2004,481.6
59,Avusy,2005,498.3
60,Avusy,2006,492.5
61,Avusy,2007,556.5
62,Avusy,2008,494.1
63,Avusy,2009,482.9
64,Avusy,2010,484.5
65,Avusy,2011,484.0
66,Avusy,2012,478.6
67,Avusy,2013,473.0
68,Avusy,2014,479.6
69,Avusy,2015,482.8
70,Avusy,2016,476.2
71,Avusy,2017,436.0
72,Avusy,2018,458.7
73,Avusy,2019,461.8
74,Avusy,2020,424.2
75,Avusy,2021,483.2859109401314
76,Bardonnex,2003,441.1
77,Bardonnex,2004,494.4
78,Bardonnex,2005,465.7
79,Bardonnex,2006,489.9
80,Bardonnex,2007,489.4
81,Bardonnex,2008,460.5
82,Bardonnex,2009,448.2
83,Bardonnex,2010,448.2
84,Bardonnex,2011,466.8
85,Bardonnex,2012,472.9
86,Bardonnex,2013,447.3
87,Bardonnex,2014,455.2
88,Bardonnex,2015,431.7
89,Bardonnex,2016,437.7
90,Bardonnex,2017,368.2
91,Bardonnex,2018,372.7
92,Bardonnex,2019,440.3
93,Bardonnex,2020,401.9
94,Bardonnex,2021,397.78035426731077
95,Bellevue,2003,530.5
96,Bellevue,2004,541.5
97,Bellevue,2005,558.4
98,Bellevue,2006,455.0
99,Bellevue,2007,329.0
100,Bellevue,2008,337.8
101,Bellevue,2009,326.1
102,Bellevue,2010,342.2
103,Bellevue,2011,336.5
104,Bellevue,2012,335.9
105,Bellevue,2013,332.9
106,Bellevue,2014,346.7
107,Bellevue,2015,327.9
108,Bellevue,2016,343.3
109,Bellevue,2017,302.3
110,Bellevue,2018,316.9
111,Bellevue,2019,309.0
112,Bellevue,2020,330.3
113,Bellevue,2021,328.60335036910845
114,Bernex,2003,434.7
115,Bernex,2004,458.4
116,Bernex,2005,456.5
117,Bernex,2006,451.1
118,Bernex,2007,442.2
119,Bernex,2008,441.8
120,Bernex,2009,428.0
121,Bernex,2010,422.8
122,Bernex,2011,429.8
123,Bernex,2012,438.3
124,Bernex,2013,436.7
125,Bernex,2014,425.4
126,Bernex,2015,395.6
127,Bernex,2016,383.3
128,Bernex,2017,382.5
129,Bernex,2018,364.4
130,Bernex,2019,347.1
131,Bernex,2020,355.4
132,Bernex,2021,371.14032101167317
133,Carouge,2003,413.8
134,Carouge,2004,442.6
135,Carouge,2005,444.5
136,Carouge,2006,450.5
137,Carouge,2007,463.6
138,Carouge,2008,453.4
139,Carouge,2009,447.6
140,Carouge,2010,436.0
141,Carouge,2011,442.7
142,Carouge,2012,458.1
143,Carouge,2013,423.3
144,Carouge,2014,415.2
145,Carouge,2015,364.7
146,Carouge,2016,355.3
147,Carouge,2017,330.6
148,Carouge,2018,334.1
149,Carouge,2019,323.6
150,Carouge,2020,336.5
151,Carouge,2021,326.87392696792364
152,Cartigny,2003,639.4
153,Cartigny,2004,543.8
154,Cartigny,2005,520.0
155,Cartigny,2006,563.9
156,Cartigny,2007,538.3
157,Cartigny,2008,537.8
158,Cartigny,2009,487.6
159,Cartigny,2010,512.0
160,Cartigny,2011,476.3
161,Cartigny,2012,509.9
162,Cartigny,2013,499.7
163,Cartigny,2014,459.8
164,Cartigny,2015,431.5
165,Cartigny,2016,469.8
166,Cartigny,2017,390.5
167,Cartigny,2018,411.5
168,Cartigny,2019,408.6
169,Cartigny,2020,416.8
170,Cartigny,2021,397.18832838773494
171,Chancy,2003,465.1
172,Chancy,2004,497.4
173,Chancy,2005,471.1
174,Chancy,2006,378.1
175,Chancy,2007,461.6
176,Chancy,2008,455.1
177,Chancy,2009,443.1
178,Chancy,2010,392.2
179,Chancy,2011,414.0
180,Chancy,2012,450.4
181,Chancy,2013,390.9
182,Chancy,2014,387.0
183,Chancy,2015,362.9
184,Chancy,2016,361.6
185,Chancy,2017,341.5
186,Chancy,2018,340.3
187,Chancy,2019,333.6
188,Chancy,2020,338.5
189,Chancy,2021,382.44896265560163
190,Choulex,2003,528.0
191,Choulex,2004,619.9
192,Choulex,2005,663.4
193,Choulex,2006,606.8
194,Choulex,2007,620.9
195,Choulex,2008,679.4
196,Choulex,2009,651.7
197,Choulex,2010,616.6
198,Choulex,2011,614.2
199,Choulex,2012,582.7
200,Choulex,2013,646.4
201,Choulex,2014,573.8
202,Choulex,2015,519.9
203,Choulex,2016,536.2
204,Choulex,2017,538.7
205,Choulex,2018,485.3
206,Choulex,2019,490.0
207,Choulex,2020,487.2
208,Choulex,2021,471.6603148301574
209,Chêne-Bougeries,2003,472.3
210,Chêne-Bougeries,2004,523.5
211,Chêne-Bougeries,2005,530.8
212,Chêne-Bougeries,2006,549.7
213,Chêne-Bougeries,2007,563.9
214,Chêne-Bougeries,2008,554.9
215,Chêne-Bougeries,2009,463.1
216,Chêne-Bougeries,2010,508.0
217,Chêne-Bougeries,2011,502.4
218,Chêne-Bougeries,2012,490.5
219,Chêne-Bougeries,2013,485.3
220,Chêne-Bougeries,2014,476.9
221,Chêne-Bougeries,2015,479.1
222,Chêne-Bougeries,2016,469.9
223,Chêne-Bougeries,2017,415.0
224,Chêne-Bougeries,2018,444.8
225,Chêne-Bougeries,2019,433.8
226,Chêne-Bougeries,2020,436.7
227,Chêne-Bougeries,2021,427.25293714285715
228,Chêne-Bourg,2003,453.7
229,Chêne-Bourg,2004,463.6
230,Chêne-Bourg,2005,455.6
231,Chêne-Bourg,2006,446.4
232,Chêne-Bourg,2007,465.9
233,Chêne-Bourg,2008,465.0
234,Chêne-Bourg,2009,430.8
235,Chêne-Bourg,2010,431.3
236,Chêne-Bourg,2011,429.3
237,Chêne-Bourg,2012,437.1
238,Chêne-Bourg,2013,414.7
239,Chêne-Bourg,2014,396.0
240,Chêne-Bourg,2015,360.9
241,Chêne-Bourg,2016,384.9
242,Chêne-Bourg,2017,374.8
243,Chêne-Bourg,2018,375.0
244,Chêne-Bourg,2019,360.7
245,Chêne-Bourg,2020,369.8
246,Chêne-Bourg,2021,350.10178062284706
247,Collex-Bossy,2003,525.2
248,Collex-Bossy,2004,498.0
249,Collex-Bossy,2005,489.4
250,Collex-Bossy,2006,486.5
251,Collex-Bossy,2007,484.2
252,Collex-Bossy,2008,479.5
253,Collex-Bossy,2009,474.6
254,Collex-Bossy,2010,439.7
255,Collex-Bossy,2011,436.2
256,Collex-Bossy,2012,457.2
257,Collex-Bossy,2013,454.1
258,Collex-Bossy,2014,481.8
259,Collex-Bossy,2015,464.3
260,Collex-Bossy,2016,512.9
261,Collex-Bossy,2017,474.9
262,Collex-Bossy,2018,463.4
263,Collex-Bossy,2019,470.8
264,Collex-Bossy,2020,491.8
265,Collex-Bossy,2021,472.406868451688
266,Collonge-Bellerive,2003,645.3
267,Collonge-Bellerive,2004,668.5
268,Collonge-Bellerive,2005,684.9
269,Collonge-Bellerive,2006,662.4
270,Collonge-Bellerive,2007,659.1
271,Collonge-Bellerive,2008,653.7
272,Collonge-Bellerive,2009,641.3
273,Collonge-Bellerive,2010,639.2
274,Collonge-Bellerive,2011,645.3
275,Collonge-Bellerive,2012,685.4
276,Collonge-Bellerive,2013,688.2
277,Collonge-Bellerive,2014,640.9
278,Collonge-Bellerive,2015,598.9
279,Collonge-Bellerive,2016,600.2
280,Collonge-Bellerive,2017,569.8
281,Collonge-Bellerive,2018,574.0
282,Collonge-Bellerive,2019,584.6
283,Collonge-Bellerive,2020,598.8
284,Collonge-Bellerive,2021,585.7500362022656
285,Cologny,2003,631.5
286,Cologny,2004,633.8
287,Cologny,2005,647.8
288,Cologny,2006,642.5
289,Cologny,2007,648.7
290,Cologny,2008,648.0
291,Cologny,2009,616.6
292,Cologny,2010,613.1
293,Cologny,2011,617.2
294,Cologny,2012,657.9
295,Cologny,2013,638.4
296,Cologny,2014,596.4
297,Cologny,2015,535.6
298,Cologny,2016,540.8
299,Cologny,2017,527.4
300,Cologny,2018,488.5
301,Cologny,2019,494.9
302,Cologny,2020,498.1
303,Cologny,2021,702.5295902883155
304,Confignon,2003,463.5
305,Confignon,2004,496.4
306,Confignon,2005,464.5
307,Confignon,2006,409.0
308,Confignon,2007,358.8
309,Confignon,2008,385.3
310,Confignon,2009,416.2
311,Confignon,2010,427.6
312,Confignon,2011,415.4
313,Confignon,2012,426.9
314,Confignon,2013,423.2
315,Confignon,2014,401.8
316,Confignon,2015,386.3
317,Confignon,2016,391.3
318,Confignon,2017,381.5
319,Confignon,2018,373.7
320,Confignon,2019,388.6
321,Confignon,2020,390.9
322,Confignon,2021,367.7054314498467
323,Corsier,2003,578.7
324,Corsier,2004,669.6
325,Corsier,2005,667.9
326,Corsier,2006,697.8
327,Corsier,2007,712.1
328,Corsier,2008,727.7
329,Corsier,2009,659.8
330,Corsier,2010,653.7
331,Corsier,2011,642.3
332,Corsier,2012,687.4
333,Corsier,2013,623.6
334,Corsier,2014,638.6
335,Corsier,2015,606.0
336,Corsier,2016,596.5
337,Corsier,2017,575.5
338,Corsier,2018,534.2
339,Corsier,2019,568.6
340,Corsier,2020,570.2
341,Corsier,2021,556.2104184641934
342,Céligny,2003,492.1
343,Céligny,2004,673.3
344,Céligny,2005,761.1
345,Céligny,2006,810.9
346,Céligny,2007,851.4
347,Céligny,2008,703.8
348,Céligny,2009,541.6
349,Céligny,2010,516.4
350,Céligny,2011,1063.0
351,Céligny,2012,1006.8
352,Céligny,2013,1279.1
353,Céligny,2014,932.5
354,Céligny,2015,926.7
355,Céligny,2016,694.3
356,Céligny,2017,719.6
357,Céligny,2018,623.2
358,Céligny,2019,733.1
359,Céligny,2020,782.9
360,Céligny,2021,702.9057971014493
361,Dardagny,2003,488.9
362,Dardagny,2004,511.2
363,Dardagny,2005,471.9
364,Dardagny,2006,491.3
365,Dardagny,2007,512.7
366,Dardagny,2008,515.9
367,Dardagny,2009,484.7
368,Dardagny,2010,476.6
369,Dardagny,2011,473.4
370,Dardagny,2012,452.8
371,Dardagny,2013,433.7
372,Dardagny,2014,427.4
373,Dardagny,2015,422.2
374,Dardagny,2016,375.9
375,Dardagny,2017,376.3
376,Dardagny,2018,390.8
377,Dardagny,2019,393.7
378,Dardagny,2020,398.5
379,Dardagny,2021,375.87717616791497
380,Genthod,2003,535.7
381,Genthod,2004,530.9
382,Genthod,2005,530.7
383,Genthod,2006,398.6
384,Genthod,2007,313.2
385,Genthod,2008,319.5
386,Genthod,2009,295.7
387,Genthod,2010,264.9
388,Genthod,2011,276.3
389,Genthod,2012,288.5
390,Genthod,2013,280.3
391,Genthod,2014,289.2
392,Genthod,2015,308.4
393,Genthod,2016,304.3
394,Genthod,2017,266.7
395,Genthod,2018,263.8
396,Genthod,2019,254.5
397,Genthod,2020,304.3
398,Genthod,2021,272.6226546212647
399,Genève ,2003,387.3
400,Genève ,2004,390.5
401,Genève ,2005,396.5
402,Genève ,2006,398.0
403,Genève ,2007,396.8
404,Genève ,2008,387.2
405,Genève ,2009,374.1
406,Genève ,2010,357.3
407,Genève ,2011,356.9
408,Genève ,2012,353.1
409,Genève ,2013,338.9
410,Genève ,2014,331.8
411,Genève ,2015,325.4
412,Genève ,2016,322.3
413,Genève ,2017,311.6
414,Genève ,2018,302.5
415,Genève ,2019,290.6
416,Genève ,2020,297.6
417,Genève ,2021,298.54110184389407
418,Grand-Saconnex,2003,421.3
419,Grand-Saconnex,2004,422.1
420,Grand-Saconnex,2005,404.2
421,Grand-Saconnex,2006,402.5
422,Grand-Saconnex,2007,411.2
423,Grand-Saconnex,2008,409.6
424,Grand-Saconnex,2009,395.5
425,Grand-Saconnex,2010,386.5
426,Grand-Saconnex,2011,400.1
427,Grand-Saconnex,2012,385.9
428,Grand-Saconnex,2013,380.2
429,Grand-Saconnex,2014,374.0
430,Grand-Saconnex,2015,373.1
431,Grand-Saconnex,2016,355.3
432,Grand-Saconnex,2017,351.7
433,Grand-Saconnex,2018,340.8
434,Grand-Saconnex,2019,332.4
435,Grand-Saconnex,2020,331.5
436,Grand-Saconnex,2021,329.5101079808395
437,Gy,2003,622.0
438,Gy,2004,669.9
439,Gy,2005,627.8
440,Gy,2006,641.3
441,Gy,2007,670.8
442,Gy,2008,715.9
443,Gy,2009,662.1
444,Gy,2010,630.3
445,Gy,2011,654.2
446,Gy,2012,736.4
447,Gy,2013,707.4
448,Gy,2014,677.3
449,Gy,2015,592.0
450,Gy,2016,613.8
451,Gy,2017,620.5
452,Gy,2018,578.6
453,Gy,2019,623.4
454,Gy,2020,655.7
455,Gy,2021,1006.4932008368202
456,Hermance,2003,623.6
457,Hermance,2004,652.2
458,Hermance,2005,672.5
459,Hermance,2006,737.2
460,Hermance,2007,713.4
461,Hermance,2008,680.9
462,Hermance,2009,651.5
463,Hermance,2010,661.4
464,Hermance,2011,621.1
465,Hermance,2012,605.7
466,Hermance,2013,585.6
467,Hermance,2014,634.7
468,Hermance,2015,599.0
469,Hermance,2016,620.4
470,Hermance,2017,543.2
471,Hermance,2018,570.5
472,Hermance,2019,586.7
473,Hermance,2020,595.4
474,Hermance,2021,870.612143474503
475,Jussy,2003,608.0
476,Jussy,2004,607.2
477,Jussy,2005,610.0
478,Jussy,2006,608.4
479,Jussy,2007,622.0
480,Jussy,2008,637.7
481,Jussy,2009,647.9
482,Jussy,2010,655.4
483,Jussy,2011,697.3
484,Jussy,2012,711.6
485,Jussy,2013,699.6
486,Jussy,2014,676.6
487,Jussy,2015,624.2
488,Jussy,2016,658.7
489,Jussy,2017,599.6
490,Jussy,2018,598.5
491,Jussy,2019,601.7
492,Jussy,2020,615.0
493,Jussy,2021,594.6922442244224
494,Laconnex,2003,530.7
495,Laconnex,2004,701.4
496,Laconnex,2005,520.8
497,Laconnex,2006,513.7
498,Laconnex,2007,547.5
499,Laconnex,2008,602.5
500,Laconnex,2009,528.8
501,Laconnex,2010,584.6
502,Laconnex,2011,587.3
503,Laconnex,2012,553.6
504,Laconnex,2013,506.6
505,Laconnex,2014,572.3
506,Laconnex,2015,483.3
507,Laconnex,2016,554.6
508,Laconnex,2017,508.0
509,Laconnex,2018,442.4
510,Laconnex,2019,433.3
511,Laconnex,2020,443.8
512,Laconnex,2021,450.06705370101594
513,Lancy,2003,392.6
514,Lancy,2004,391.2
515,Lancy,2005,388.2
516,Lancy,2006,396.6
517,Lancy,2007,403.2
518,Lancy,2008,408.1
519,Lancy,2009,406.5
520,Lancy,2010,401.3
521,Lancy,2011,396.4
522,Lancy,2012,394.0
523,Lancy,2013,394.0
524,Lancy,2014,375.9
525,Lancy,2015,368.3
526,Lancy,2016,357.8
527,Lancy,2017,350.4
528,Lancy,2018,341.8
529,Lancy,2019,329.2
530,Lancy,2020,331.8
531,Lancy,2021,329.9203851065544
532,Meinier,2003,479.1
533,Meinier,2004,556.2
534,Meinier,2005,543.4
535,Meinier,2006,520.0
536,Meinier,2007,537.3
537,Meinier,2008,576.3
538,Meinier,2009,541.5
539,Meinier,2010,598.5
540,Meinier,2011,581.0
541,Meinier,2012,551.2
542,Meinier,2013,562.4
543,Meinier,2014,497.1
544,Meinier,2015,570.8
545,Meinier,2016,555.6
546,Meinier,2017,498.5
547,Meinier,2018,499.9
548,Meinier,2019,462.8
549,Meinier,2020,466.7
550,Meinier,2021,361.5426172626067
551,Meyrin,2003,401.6
552,Meyrin,2004,410.1
553,Meyrin,2005,410.4
554,Meyrin,2006,409.2
555,Meyrin,2007,422.7
556,Meyrin,2008,419.5
557,Meyrin,2009,405.4
558,Meyrin,2010,403.6
559,Meyrin,2011,408.0
560,Meyrin,2012,410.2
561,Meyrin,2013,402.9
562,Meyrin,2014,407.5
563,Meyrin,2015,375.7
564,Meyrin,2016,374.2
565,Meyrin,2017,359.6
566,Meyrin,2018,356.8
567,Meyrin,2019,356.8
568,Meyrin,2020,360.8
569,Meyrin,2021,351.3640603670559
570,Moyenne_2003,2003,496.15333333333336
874,Moyenne_2003,2003,496.1533333333333
571,Moyenne_2004,2004,525.3888888888889
875,Moyenne_2004,2004,525.3888888888889
572,Moyenne_2005,2005,518.2733333333333
876,Moyenne_2005,2005,518.2733333333333
573,Moyenne_2006,2006,512.9355555555555
877,Moyenne_2006,2006,512.9355555555555
574,Moyenne_2007,2007,515.8044444444445
878,Moyenne_2007,2007,515.8044444444444
575,Moyenne_2008,2008,509.7488888888889
879,Moyenne_2008,2008,509.74888888888887
576,Moyenne_2009,2009,491.35333333333335
880,Moyenne_2009,2009,491.35333333333335
577,Moyenne_2010,2010,490.8155555555556
881,Moyenne_2010,2010,490.81555555555553
578,Moyenne_2011,2011,501.0911111111111
882,Moyenne_2011,2011,501.0911111111111
579,Moyenne_2012,2012,506.4022222222222
883,Moyenne_2012,2012,506.4022222222222
580,Moyenne_2013,2013,503.5511111111111
884,Moyenne_2013,2013,503.5511111111111
581,Moyenne_2014,2014,490.96888888888884
885,Moyenne_2014,2014,490.96888888888884
582,Moyenne_2015,2015,468.16888888888883
886,Moyenne_2015,2015,468.1688888888889
583,Moyenne_2016,2016,468.3266666666667
887,Moyenne_2016,2016,468.3266666666667
584,Moyenne_2017,2017,441.76888888888885
888,Moyenne_2017,2017,441.7688888888889
585,Moyenne_2018,2018,432.2533333333334
889,Moyenne_2018,2018,432.2533333333333
586,Moyenne_2019,2019,435.8622222222222
890,Moyenne_2019,2019,435.8622222222222
587,Moyenne_2020,2020,443.96888888888884
891,Moyenne_2020,2020,443.96888888888884
588,Moyenne_2021,2021,457.90024069548883
892,Moyenne_2021,2021,457.9002406954888
589,Onex,2003,393.2
590,Onex,2004,398.3
591,Onex,2005,389.6
592,Onex,2006,398.2
593,Onex,2007,400.1
594,Onex,2008,392.2
595,Onex,2009,374.8
596,Onex,2010,376.3
597,Onex,2011,372.0
598,Onex,2012,366.7
599,Onex,2013,386.5
600,Onex,2014,393.7
601,Onex,2015,351.0
602,Onex,2016,345.4
603,Onex,2017,326.7
604,Onex,2018,315.3
605,Onex,2019,301.2
606,Onex,2020,315.3
607,Onex,2021,306.458116282764
608,Perly-Certoux,2003,520.3
609,Perly-Certoux,2004,540.8
610,Perly-Certoux,2005,550.1
611,Perly-Certoux,2006,540.5
612,Perly-Certoux,2007,511.1
613,Perly-Certoux,2008,547.9
614,Perly-Certoux,2009,509.6
615,Perly-Certoux,2010,522.3
616,Perly-Certoux,2011,530.0
617,Perly-Certoux,2012,546.4
618,Perly-Certoux,2013,555.0
619,Perly-Certoux,2014,574.8
620,Perly-Certoux,2015,627.9
621,Perly-Certoux,2016,517.8
622,Perly-Certoux,2017,436.7
623,Perly-Certoux,2018,459.1
624,Perly-Certoux,2019,491.8
625,Perly-Certoux,2020,477.7
626,Perly-Certoux,2021,436.22882710131034
627,Plan-les-Ouates,2003,434.7
628,Plan-les-Ouates,2004,444.6
629,Plan-les-Ouates,2005,440.7
630,Plan-les-Ouates,2006,440.0
631,Plan-les-Ouates,2007,448.7
632,Plan-les-Ouates,2008,450.0
633,Plan-les-Ouates,2009,420.5
634,Plan-les-Ouates,2010,448.5
635,Plan-les-Ouates,2011,425.0
636,Plan-les-Ouates,2012,429.7
637,Plan-les-Ouates,2013,416.3
638,Plan-les-Ouates,2014,383.3
639,Plan-les-Ouates,2015,373.6
640,Plan-les-Ouates,2016,362.8
641,Plan-les-Ouates,2017,344.3
642,Plan-les-Ouates,2018,339.6
643,Plan-les-Ouates,2019,354.0
644,Plan-les-Ouates,2020,376.9
645,Plan-les-Ouates,2021,353.60834182806656
646,Pregny-Chambésy,2003,564.6
647,Pregny-Chambésy,2004,571.6
648,Pregny-Chambésy,2005,578.3
649,Pregny-Chambésy,2006,541.6
650,Pregny-Chambésy,2007,546.3
651,Pregny-Chambésy,2008,539.3
652,Pregny-Chambésy,2009,512.1
653,Pregny-Chambésy,2010,522.9
654,Pregny-Chambésy,2011,513.7
655,Pregny-Chambésy,2012,520.8
656,Pregny-Chambésy,2013,516.8
657,Pregny-Chambésy,2014,521.7
658,Pregny-Chambésy,2015,474.4
659,Pregny-Chambésy,2016,442.5
660,Pregny-Chambésy,2017,432.5
661,Pregny-Chambésy,2018,471.4
662,Pregny-Chambésy,2019,432.9
663,Pregny-Chambésy,2020,431.2
664,Pregny-Chambésy,2021,426.73667546174136
665,Presinge,2003,461.4
666,Presinge,2004,477.6
667,Presinge,2005,506.6
668,Presinge,2006,467.5
669,Presinge,2007,466.6
670,Presinge,2008,462.8
671,Presinge,2009,516.6
672,Presinge,2010,557.8
673,Presinge,2011,561.4
674,Presinge,2012,505.6
675,Presinge,2013,469.3
676,Presinge,2014,446.7
677,Presinge,2015,420.5
678,Presinge,2016,427.4
679,Presinge,2017,396.4
680,Presinge,2018,372.8
681,Presinge,2019,402.9
682,Presinge,2020,441.4
683,Presinge,2021,450.5487377279103
684,Puplinge,2003,442.4
685,Puplinge,2004,503.4
686,Puplinge,2005,510.2
687,Puplinge,2006,508.3
688,Puplinge,2007,521.7
689,Puplinge,2008,522.4
690,Puplinge,2009,601.3
691,Puplinge,2010,553.4
692,Puplinge,2011,520.2
693,Puplinge,2012,519.9
694,Puplinge,2013,506.0
695,Puplinge,2014,521.6
696,Puplinge,2015,467.6
697,Puplinge,2016,481.6
698,Puplinge,2017,451.9
699,Puplinge,2018,441.8
700,Puplinge,2019,449.0
701,Puplinge,2020,478.0
702,Puplinge,2021,454.91722905915043
703,Russin,2003,409.7
704,Russin,2004,532.1
705,Russin,2005,485.5
706,Russin,2006,514.0
707,Russin,2007,536.8
708,Russin,2008,540.0
709,Russin,2009,508.5
710,Russin,2010,490.3
711,Russin,2011,487.7
712,Russin,2012,500.1
713,Russin,2013,477.3
714,Russin,2014,487.6
715,Russin,2015,447.7
716,Russin,2016,441.7
717,Russin,2017,414.0
718,Russin,2018,421.1
719,Russin,2019,449.1
720,Russin,2020,488.9
721,Russin,2021,420.359168241966
722,Satigny,2003,556.1
723,Satigny,2004,558.6
724,Satigny,2005,541.7
725,Satigny,2006,561.7
726,Satigny,2007,564.5
727,Satigny,2008,510.3
728,Satigny,2009,493.5
729,Satigny,2010,476.9
730,Satigny,2011,463.4
731,Satigny,2012,454.6
732,Satigny,2013,441.8
733,Satigny,2014,407.9
734,Satigny,2015,398.8
735,Satigny,2016,399.8
736,Satigny,2017,404.0
737,Satigny,2018,402.5
738,Satigny,2019,400.5
739,Satigny,2020,413.5
740,Satigny,2021,476.37060498409875
741,Soral,2003,462.7
742,Soral,2004,541.7
743,Soral,2005,474.5
744,Soral,2006,445.5
745,Soral,2007,491.0
746,Soral,2008,463.6
747,Soral,2009,485.9
748,Soral,2010,486.2
749,Soral,2011,496.7
750,Soral,2012,503.3
751,Soral,2013,472.1
752,Soral,2014,476.1
753,Soral,2015,441.9
754,Soral,2016,479.9
755,Soral,2017,462.4
756,Soral,2018,438.5
757,Soral,2019,403.1
758,Soral,2020,405.4
759,Soral,2021,510.8283658787255
760,Thônex,2003,421.9
761,Thônex,2004,439.9
762,Thônex,2005,439.2
763,Thônex,2006,436.1
764,Thônex,2007,449.5
765,Thônex,2008,423.3
766,Thônex,2009,433.1
767,Thônex,2010,451.1
768,Thônex,2011,435.5
769,Thônex,2012,449.0
770,Thônex,2013,438.6
771,Thônex,2014,448.3
772,Thônex,2015,431.5
773,Thônex,2016,447.2
774,Thônex,2017,424.1
775,Thônex,2018,408.8
776,Thônex,2019,406.7
777,Thônex,2020,404.9
778,Thônex,2021,391.2577829778699
779,Troinex,2003,513.8
780,Troinex,2004,535.6
781,Troinex,2005,541.7
782,Troinex,2006,563.3
783,Troinex,2007,537.4
784,Troinex,2008,529.9
785,Troinex,2009,503.0
786,Troinex,2010,516.4
787,Troinex,2011,469.0
788,Troinex,2012,491.0
789,Troinex,2013,502.3
790,Troinex,2014,562.7
791,Troinex,2015,552.7
792,Troinex,2016,618.2
793,Troinex,2017,560.1
794,Troinex,2018,528.4
795,Troinex,2019,513.6
796,Troinex,2020,446.3
797,Troinex,2021,464.6057010785824
798,Vandoeuvres,2003,628.1
799,Vandoeuvres,2004,627.5
800,Vandoeuvres,2005,645.6
801,Vandoeuvres,2006,661.3
802,Vandoeuvres,2007,656.3
803,Vandoeuvres,2008,665.3
804,Vandoeuvres,2009,711.1
805,Vandoeuvres,2010,720.1
806,Vandoeuvres,2011,731.8
807,Vandoeuvres,2012,757.1
808,Vandoeuvres,2013,769.1
809,Vandoeuvres,2014,751.5
810,Vandoeuvres,2015,736.5
811,Vandoeuvres,2016,813.3
812,Vandoeuvres,2017,744.7
813,Vandoeuvres,2018,715.1
814,Vandoeuvres,2019,635.7
815,Vandoeuvres,2020,600.5
816,Vandoeuvres,2021,613.0538116591929
817,Vernier,2003,382.0
818,Vernier,2004,381.8
819,Vernier,2005,382.6
820,Vernier,2006,374.6
821,Vernier,2007,386.9
822,Vernier,2008,379.4
823,Vernier,2009,373.4
824,Vernier,2010,370.2
825,Vernier,2011,367.8
826,Vernier,2012,369.6
827,Vernier,2013,362.9
828,Vernier,2014,361.7
829,Vernier,2015,360.3
830,Vernier,2016,357.5
831,Vernier,2017,350.9
832,Vernier,2018,351.1
833,Vernier,2019,346.0
834,Vernier,2020,364.6
835,Vernier,2021,408.65724747051263
836,Versoix,2003,433.4
837,Versoix,2004,433.1
838,Versoix,2005,426.3
839,Versoix,2006,425.6
840,Versoix,2007,424.9
841,Versoix,2008,401.6
842,Versoix,2009,380.2
843,Versoix,2010,390.6
844,Versoix,2011,392.9
845,Versoix,2012,397.6
846,Versoix,2013,393.7
847,Versoix,2014,372.0
848,Versoix,2015,361.3
849,Versoix,2016,365.6
850,Versoix,2017,348.2
851,Versoix,2018,346.4
852,Versoix,2019,337.2
853,Versoix,2020,357.7
854,Versoix,2021,371.9302169035154
855,Veyrier,2003,503.9
856,Veyrier,2004,503.8
857,Veyrier,2005,504.0
858,Veyrier,2006,508.5
859,Veyrier,2007,513.4
860,Veyrier,2008,504.0
861,Veyrier,2009,497.9
862,Veyrier,2010,484.3
863,Veyrier,2011,492.6
864,Veyrier,2012,493.2
865,Veyrier,2013,466.0
866,Veyrier,2014,476.6
867,Veyrier,2015,447.8
868,Veyrier,2016,491.1
869,Veyrier,2017,458.8
870,Veyrier,2018,403.4
871,Veyrier,2019,377.4
872,Veyrier,2020,426.0
873,Veyrier,2021,535.4790491471035
