,Commune,Année,Population_nombre-hbt
0,Aire-la-Ville,2000,711.0
1,Aire-la-Ville,2001,713.0
2,Aire-la-Ville,2002,710.0
3,Aire-la-Ville,2003,736.0
4,Aire-la-Ville,2004,727.0
5,Aire-la-Ville,2005,836.0
6,Aire-la-Ville,2006,909.0
7,Aire-la-Ville,2007,1095.0
8,Aire-la-Ville,2008,1122.0
9,Aire-la-Ville,2009,1138.0
10,Aire-la-Ville,2010,1161.0
11,Aire-la-Ville,2011,1142.0
12,Aire-la-Ville,2012,1119.0
13,Aire-la-Ville,2013,1119.0
14,Aire-la-Ville,2014,1155.0
15,Aire-la-Ville,2015,1160.0
16,Aire-la-Ville,2016,1157.0
17,Aire-la-Ville,2017,1164.0
18,Aire-la-Ville,2018,1177.0
19,Aire-la-Ville,2019,1164.0
20,Aire-la-Ville,2020,1155.0
21,Aire-la-Ville,2021,1136.0
22,Aire-la-Ville,2022,1146.0
23,Aire-la-Ville,2023,1158.0
24,Aire-la-Ville,2024,1166.0
25,Aire-la-Ville,Unnamed: 1,
26,Anières,2000,1991.0
27,Anières,2001,2249.0
28,Anières,2002,2335.0
29,Anières,2003,2354.0
30,Anières,2004,2344.0
31,Anières,2005,2365.0
32,Anières,2006,2422.0
33,Anières,2007,2412.0
34,Anières,2008,2526.0
35,Anières,2009,2523.0
36,Anières,2010,2537.0
37,Anières,2011,2493.0
38,Anières,2012,2544.0
39,Anières,2013,2521.0
40,Anières,2014,2495.0
41,Anières,2015,2558.0
42,Anières,2016,2577.0
43,Anières,2017,2531.0
44,Anières,2018,2468.0
45,Anières,2019,2446.0
46,Anières,2020,2432.0
47,Anières,2021,2481.0
48,Anières,2022,2569.0
49,Anières,2023,2597.0
50,Anières,2024,2625.0
51,Anières,Unnamed: 1,
52,Avully,2000,1737.0
53,Avully,2001,1753.0
54,Avully,2002,1746.0
55,Avully,2003,1752.0
56,Avully,2004,1772.0
57,Avully,2005,1792.0
58,Avully,2006,1740.0
59,Avully,2007,1752.0
60,Avully,2008,1769.0
61,Avully,2009,1778.0
62,Avully,2010,1756.0
63,Avully,2011,1760.0
64,Avully,2012,1771.0
65,Avully,2013,1774.0
66,Avully,2014,1779.0
67,Avully,2015,1786.0
68,Avully,2016,1758.0
69,Avully,2017,1776.0
70,Avully,2018,1757.0
71,Avully,2019,1717.0
72,Avully,2020,1752.0
73,Avully,2021,1724.0
74,Avully,2022,1741.0
75,Avully,2023,1764.0
76,Avully,2024,1750.0
77,Avully,Unnamed: 1,
78,Avusy,2000,1176.0
79,Avusy,2001,1196.0
80,Avusy,2002,1192.0
81,Avusy,2003,1241.0
82,Avusy,2004,1268.0
83,Avusy,2005,1253.0
84,Avusy,2006,1303.0
85,Avusy,2007,1305.0
86,Avusy,2008,1375.0
87,Avusy,2009,1374.0
88,Avusy,2010,1388.0
89,Avusy,2011,1430.0
90,Avusy,2012,1453.0
91,Avusy,2013,1443.0
92,Avusy,2014,1452.0
93,Avusy,2015,1432.0
94,Avusy,2016,1408.0
95,Avusy,2017,1441.0
96,Avusy,2018,1426.0
97,Avusy,2019,1403.0
98,Avusy,2020,1401.0
99,Avusy,2021,1379.0
100,Avusy,2022,1399.0
101,Avusy,2023,1412.0
102,Avusy,2024,1412.0
103,Avusy,Unnamed: 1,
104,Bardonnex,2000,2097.0
105,Bardonnex,2001,2100.0
106,Bardonnex,2002,2124.0
107,Bardonnex,2003,2106.0
108,Bardonnex,2004,2141.0
109,Bardonnex,2005,2143.0
110,Bardonnex,2006,2108.0
111,Bardonnex,2007,2130.0
112,Bardonnex,2008,2158.0
113,Bardonnex,2009,2187.0
114,Bardonnex,2010,2221.0
115,Bardonnex,2011,2207.0
116,Bardonnex,2012,2232.0
117,Bardonnex,2013,2234.0
118,Bardonnex,2014,2259.0
119,Bardonnex,2015,2264.0
120,Bardonnex,2016,2244.0
121,Bardonnex,2017,2213.0
122,Bardonnex,2018,2295.0
123,Bardonnex,2019,2270.0
124,Bardonnex,2020,2388.0
125,Bardonnex,2021,2484.0
126,Bardonnex,2022,2535.0
127,Bardonnex,2023,2545.0
128,Bardonnex,2024,2547.0
129,Bardonnex,Unnamed: 1,
130,Bellevue,2000,1770.0
131,Bellevue,2001,1874.0
132,Bellevue,2002,2312.0
133,Bellevue,2003,2677.0
134,Bellevue,2004,2738.0
135,Bellevue,2005,2783.0
136,Bellevue,2006,2892.0
137,Bellevue,2007,2918.0
138,Bellevue,2008,3135.0
139,Bellevue,2009,3143.0
140,Bellevue,2010,3216.0
141,Bellevue,2011,3169.0
142,Bellevue,2012,3220.0
143,Bellevue,2013,3241.0
144,Bellevue,2014,3238.0
145,Bellevue,2015,3314.0
146,Bellevue,2016,3363.0
147,Bellevue,2017,3321.0
148,Bellevue,2018,3271.0
149,Bellevue,2019,3342.0
150,Bellevue,2020,3457.0
151,Bellevue,2021,3522.0
152,Bellevue,2022,4046.0
153,Bellevue,2023,4081.0
154,Bellevue,2024,4104.0
155,Bellevue,Unnamed: 1,
156,Bernex,2000,8709.0
157,Bernex,2001,8865.0
158,Bernex,2002,9062.0
159,Bernex,2003,9232.0
160,Bernex,2004,9281.0
161,Bernex,2005,9379.0
162,Bernex,2006,9439.0
163,Bernex,2007,9463.0
164,Bernex,2008,9566.0
165,Bernex,2009,9684.0
166,Bernex,2010,9761.0
167,Bernex,2011,9766.0
168,Bernex,2012,9798.0
169,Bernex,2013,9878.0
170,Bernex,2014,9925.0
171,Bernex,2015,10098.0
172,Bernex,2016,10128.0
173,Bernex,2017,10061.0
174,Bernex,2018,10327.0
175,Bernex,2019,10325.0
176,Bernex,2020,10311.0
177,Bernex,2021,10280.0
178,Bernex,2022,10464.0
179,Bernex,2023,10919.0
180,Bernex,2024,11158.0
181,Bernex,Unnamed: 1,
182,Carouge,2000,17425.0
183,Carouge,2001,17965.0
184,Carouge,2002,18144.0
185,Carouge,2003,18479.0
186,Carouge,2004,18777.0
187,Carouge,2005,18987.0
188,Carouge,2006,19155.0
189,Carouge,2007,19114.0
190,Carouge,2008,19525.0
191,Carouge,2009,19745.0
192,Carouge,2010,19904.0
193,Carouge,2011,20210.0
194,Carouge,2012,20701.0
195,Carouge,2013,20934.0
196,Carouge,2014,21204.0
197,Carouge,2015,21741.0
198,Carouge,2016,22216.0
199,Carouge,2017,22631.0
200,Carouge,2018,22768.0
201,Carouge,2019,23019.0
202,Carouge,2020,22911.0
203,Carouge,2021,22727.0
204,Carouge,2022,22694.0
205,Carouge,2023,22600.0
206,Carouge,2024,22707.0
207,Carouge,Unnamed: 1,
208,Cartigny,2000,762.0
209,Cartigny,2001,799.0
210,Cartigny,2002,814.0
211,Cartigny,2003,836.0
212,Cartigny,2004,795.0
213,Cartigny,2005,834.0
214,Cartigny,2006,817.0
215,Cartigny,2007,808.0
216,Cartigny,2008,812.0
217,Cartigny,2009,832.0
218,Cartigny,2010,853.0
219,Cartigny,2011,884.0
220,Cartigny,2012,872.0
221,Cartigny,2013,859.0
222,Cartigny,2014,875.0
223,Cartigny,2015,863.0
224,Cartigny,2016,884.0
225,Cartigny,2017,950.0
226,Cartigny,2018,964.0
227,Cartigny,2019,983.0
228,Cartigny,2020,969.0
229,Cartigny,2021,1011.0
230,Cartigny,2022,1031.0
231,Cartigny,2023,1036.0
232,Cartigny,2024,1043.0
233,Cartigny,Unnamed: 1,
234,Chancy,2000,915.0
235,Chancy,2001,907.0
236,Chancy,2002,887.0
237,Chancy,2003,911.0
238,Chancy,2004,917.0
239,Chancy,2005,924.0
240,Chancy,2006,1023.0
241,Chancy,2007,1084.0
242,Chancy,2008,1115.0
243,Chancy,2009,1115.0
244,Chancy,2010,1147.0
245,Chancy,2011,1137.0
246,Chancy,2012,1139.0
247,Chancy,2013,1377.0
248,Chancy,2014,1521.0
249,Chancy,2015,1606.0
250,Chancy,2016,1644.0
251,Chancy,2017,1681.0
252,Chancy,2018,1682.0
253,Chancy,2019,1700.0
254,Chancy,2020,1702.0
255,Chancy,2021,1687.0
256,Chancy,2022,1653.0
257,Chancy,2023,1643.0
258,Chancy,2024,1652.0
259,Chancy,Unnamed: 1,
260,Choulex,2000,948.0
261,Choulex,2001,964.0
262,Choulex,2002,976.0
263,Choulex,2003,961.0
264,Choulex,2004,967.0
265,Choulex,2005,965.0
266,Choulex,2006,965.0
267,Choulex,2007,1007.0
268,Choulex,2008,997.0
269,Choulex,2009,999.0
270,Choulex,2010,1023.0
271,Choulex,2011,1067.0
272,Choulex,2012,1087.0
273,Choulex,2013,1067.0
274,Choulex,2014,1118.0
275,Choulex,2015,1155.0
276,Choulex,2016,1126.0
277,Choulex,2017,1160.0
278,Choulex,2018,1188.0
279,Choulex,2019,1199.0
280,Choulex,2020,1191.0
281,Choulex,2021,1207.0
282,Choulex,2022,1239.0
283,Choulex,2023,1260.0
284,Choulex,2024,1251.0
285,Choulex,Unnamed: 1,
286,Chêne-Bougeries,2000,9739.0
287,Chêne-Bougeries,2001,9764.0
288,Chêne-Bougeries,2002,9846.0
289,Chêne-Bougeries,2003,9943.0
290,Chêne-Bougeries,2004,10091.0
291,Chêne-Bougeries,2005,10144.0
292,Chêne-Bougeries,2006,10189.0
293,Chêne-Bougeries,2007,10148.0
294,Chêne-Bougeries,2008,10293.0
295,Chêne-Bougeries,2009,10288.0
296,Chêne-Bougeries,2010,10452.0
297,Chêne-Bougeries,2011,10380.0
298,Chêne-Bougeries,2012,10608.0
299,Chêne-Bougeries,2013,10615.0
300,Chêne-Bougeries,2014,11181.0
301,Chêne-Bougeries,2015,11318.0
302,Chêne-Bougeries,2016,11538.0
303,Chêne-Bougeries,2017,11867.0
304,Chêne-Bougeries,2018,12239.0
305,Chêne-Bougeries,2019,12549.0
306,Chêne-Bougeries,2020,12622.0
307,Chêne-Bougeries,2021,13125.0
308,Chêne-Bougeries,2022,13409.0
309,Chêne-Bougeries,2023,13830.0
310,Chêne-Bougeries,2024,14280.0
311,Chêne-Bougeries,Unnamed: 1,
312,Chêne-Bourg,2000,7232.0
313,Chêne-Bourg,2001,7486.0
314,Chêne-Bourg,2002,7680.0
315,Chêne-Bourg,2003,7716.0
316,Chêne-Bourg,2004,7696.0
317,Chêne-Bourg,2005,7808.0
318,Chêne-Bourg,2006,7835.0
319,Chêne-Bourg,2007,7886.0
320,Chêne-Bourg,2008,7900.0
321,Chêne-Bourg,2009,7999.0
322,Chêne-Bourg,2010,8100.0
323,Chêne-Bourg,2011,8104.0
324,Chêne-Bourg,2012,8155.0
325,Chêne-Bourg,2013,8136.0
326,Chêne-Bourg,2014,8194.0
327,Chêne-Bourg,2015,8511.0
328,Chêne-Bourg,2016,8581.0
329,Chêne-Bourg,2017,8708.0
330,Chêne-Bourg,2018,8729.0
331,Chêne-Bourg,2019,8703.0
332,Chêne-Bourg,2020,8818.0
333,Chêne-Bourg,2021,8899.0
334,Chêne-Bourg,2022,8924.0
335,Chêne-Bourg,2023,9467.0
336,Chêne-Bourg,2024,9588.0
337,Chêne-Bourg,Unnamed: 1,
338,Collex-Bossy,2000,1295.0
339,Collex-Bossy,2001,1324.0
340,Collex-Bossy,2002,1333.0
341,Collex-Bossy,2003,1406.0
342,Collex-Bossy,2004,1477.0
343,Collex-Bossy,2005,1576.0
344,Collex-Bossy,2006,1560.0
345,Collex-Bossy,2007,1583.0
346,Collex-Bossy,2008,1626.0
347,Collex-Bossy,2009,1616.0
348,Collex-Bossy,2010,1676.0
349,Collex-Bossy,2011,1683.0
350,Collex-Bossy,2012,1660.0
351,Collex-Bossy,2013,1667.0
352,Collex-Bossy,2014,1679.0
353,Collex-Bossy,2015,1667.0
354,Collex-Bossy,2016,1670.0
355,Collex-Bossy,2017,1680.0
356,Collex-Bossy,2018,1672.0
357,Collex-Bossy,2019,1652.0
358,Collex-Bossy,2020,1677.0
359,Collex-Bossy,2021,1718.0
360,Collex-Bossy,2022,1748.0
361,Collex-Bossy,2023,1683.0
362,Collex-Bossy,2024,1675.0
363,Collex-Bossy,Unnamed: 1,
364,Collonge-Bellerive,2000,6336.0
365,Collonge-Bellerive,2001,6514.0
366,Collonge-Bellerive,2002,6603.0
367,Collonge-Bellerive,2003,6832.0
368,Collonge-Bellerive,2004,6964.0
369,Collonge-Bellerive,2005,7010.0
370,Collonge-Bellerive,2006,7187.0
371,Collonge-Bellerive,2007,7346.0
372,Collonge-Bellerive,2008,7438.0
373,Collonge-Bellerive,2009,7480.0
374,Collonge-Bellerive,2010,7611.0
375,Collonge-Bellerive,2011,7507.0
376,Collonge-Bellerive,2012,7517.0
377,Collonge-Bellerive,2013,7578.0
378,Collonge-Bellerive,2014,7836.0
379,Collonge-Bellerive,2015,8037.0
380,Collonge-Bellerive,2016,8094.0
381,Collonge-Bellerive,2017,8171.0
382,Collonge-Bellerive,2018,8237.0
383,Collonge-Bellerive,2019,8360.0
384,Collonge-Bellerive,2020,8489.0
385,Collonge-Bellerive,2021,8563.0
386,Collonge-Bellerive,2022,8574.0
387,Collonge-Bellerive,2023,8647.0
388,Collonge-Bellerive,2024,8641.0
389,Collonge-Bellerive,Unnamed: 1,
390,Cologny,2000,4748.0
391,Cologny,2001,4840.0
392,Cologny,2002,4950.0
393,Cologny,2003,4974.0
394,Cologny,2004,4899.0
395,Cologny,2005,4919.0
396,Cologny,2006,4886.0
397,Cologny,2007,4936.0
398,Cologny,2008,4892.0
399,Cologny,2009,4838.0
400,Cologny,2010,4871.0
401,Cologny,2011,4973.0
402,Cologny,2012,4898.0
403,Cologny,2013,5006.0
404,Cologny,2014,5131.0
405,Cologny,2015,5520.0
406,Cologny,2016,5478.0
407,Cologny,2017,5512.0
408,Cologny,2018,5547.0
409,Cologny,2019,5582.0
410,Cologny,2020,5866.0
411,Cologny,2021,5931.0
412,Cologny,2022,6063.0
413,Cologny,2023,6037.0
414,Cologny,2024,6010.0
415,Cologny,Unnamed: 1,
416,Confignon,2000,3008.0
417,Confignon,2001,3060.0
418,Confignon,2002,3415.0
419,Confignon,2003,3412.0
420,Confignon,2004,3327.0
421,Confignon,2005,3469.0
422,Confignon,2006,3759.0
423,Confignon,2007,4016.0
424,Confignon,2008,4054.0
425,Confignon,2009,4113.0
426,Confignon,2010,4176.0
427,Confignon,2011,4309.0
428,Confignon,2012,4326.0
429,Confignon,2013,4390.0
430,Confignon,2014,4471.0
431,Confignon,2015,4535.0
432,Confignon,2016,4601.0
433,Confignon,2017,4630.0
434,Confignon,2018,4646.0
435,Confignon,2019,4642.0
436,Confignon,2020,4591.0
437,Confignon,2021,4566.0
438,Confignon,2022,4601.0
439,Confignon,2023,4565.0
440,Confignon,2024,4569.0
441,Confignon,Unnamed: 1,
442,Corsier,2000,1699.0
443,Corsier,2001,1689.0
444,Corsier,2002,1710.0
445,Corsier,2003,1732.0
446,Corsier,2004,1704.0
447,Corsier,2005,1713.0
448,Corsier,2006,1741.0
449,Corsier,2007,1729.0
450,Corsier,2008,1762.0
451,Corsier,2009,1770.0
452,Corsier,2010,1804.0
453,Corsier,2011,1867.0
454,Corsier,2012,1922.0
455,Corsier,2013,1984.0
456,Corsier,2014,2022.0
457,Corsier,2015,2030.0
458,Corsier,2016,2024.0
459,Corsier,2017,2077.0
460,Corsier,2018,2128.0
461,Corsier,2019,2210.0
462,Corsier,2020,2309.0
463,Corsier,2021,2318.0
464,Corsier,2022,2295.0
465,Corsier,2023,2294.0
466,Corsier,2024,2319.0
467,Corsier,Unnamed: 1,
468,Céligny,2000,624.0
469,Céligny,2001,637.0
470,Céligny,2002,638.0
471,Céligny,2003,641.0
472,Céligny,2004,655.0
473,Céligny,2005,660.0
474,Céligny,2006,640.0
475,Céligny,2007,630.0
476,Céligny,2008,645.0
477,Céligny,2009,670.0
478,Céligny,2010,667.0
479,Céligny,2011,659.0
480,Céligny,2012,632.0
481,Céligny,2013,663.0
482,Céligny,2014,691.0
483,Céligny,2015,690.0
484,Céligny,2016,769.0
485,Céligny,2017,793.0
486,Céligny,2018,811.0
487,Céligny,2019,805.0
488,Céligny,2020,797.0
489,Céligny,2021,828.0
490,Céligny,2022,860.0
491,Céligny,2023,877.0
492,Céligny,2024,870.0
493,Céligny,Unnamed: 1,
494,Dardagny,2000,1296.0
495,Dardagny,2001,1298.0
496,Dardagny,2002,1287.0
497,Dardagny,2003,1316.0
498,Dardagny,2004,1284.0
499,Dardagny,2005,1325.0
500,Dardagny,2006,1292.0
501,Dardagny,2007,1297.0
502,Dardagny,2008,1325.0
503,Dardagny,2009,1335.0
504,Dardagny,2010,1472.0
505,Dardagny,2011,1520.0
506,Dardagny,2012,1515.0
507,Dardagny,2013,1521.0
508,Dardagny,2014,1543.0
509,Dardagny,2015,1549.0
510,Dardagny,2016,1793.0
511,Dardagny,2017,1876.0
512,Dardagny,2018,1878.0
513,Dardagny,2019,1880.0
514,Dardagny,2020,1868.0
515,Dardagny,2021,1871.0
516,Dardagny,2022,1864.0
517,Dardagny,2023,1869.0
518,Dardagny,2024,1845.0
519,Dardagny,Unnamed: 1,
520,Genthod,2000,2211.0
521,Genthod,2001,2272.0
522,Genthod,2002,2288.0
523,Genthod,2003,2393.0
524,Genthod,2004,2507.0
525,Genthod,2005,2635.0
526,Genthod,2006,2672.0
527,Genthod,2007,2709.0
528,Genthod,2008,2753.0
529,Genthod,2009,2741.0
530,Genthod,2010,2762.0
531,Genthod,2011,2777.0
532,Genthod,2012,2709.0
533,Genthod,2013,2740.0
534,Genthod,2014,2776.0
535,Genthod,2015,2773.0
536,Genthod,2016,2760.0
537,Genthod,2017,2794.0
538,Genthod,2018,2823.0
539,Genthod,2019,2854.0
540,Genthod,2020,2885.0
541,Genthod,2021,2878.0
542,Genthod,2022,2892.0
543,Genthod,2023,2887.0
544,Genthod,2024,2852.0
545,Genthod,Unnamed: 1,
546,Genève,2000,177692.0
547,Genève,2001,180658.0
548,Genève,2002,182560.0
549,Genève,2003,184758.0
550,Genève,2004,185526.0
551,Genève,2005,185028.0
552,Genève,2006,185893.0
553,Genève,2007,185726.0
554,Genève,2008,188068.0
555,Genève,2009,189313.0
556,Genève,2010,191360.0
557,Genève,2011,191964.0
558,Genève,2012,193150.0
559,Genève,2013,194159.0
560,Genève,2014,197376.0
561,Genève,2015,201164.0
562,Genève,2016,201105.0
563,Genève,2017,202428.0
564,Genève,2018,203113.0
565,Genève,2019,205372.0
566,Genève,2020,205007.0
567,Genève,2021,204784.0
568,Genève,2022,204946.0
569,Genève,2023,205839.0
570,Genève,2024,208059.0
571,Genève,Unnamed: 1,
572,Grand-Saconnex,2000,8348.0
573,Grand-Saconnex,2001,8507.0
574,Grand-Saconnex,2002,8571.0
575,Grand-Saconnex,2003,8648.0
576,Grand-Saconnex,2004,9025.0
577,Grand-Saconnex,2005,9879.0
578,Grand-Saconnex,2006,10402.0
579,Grand-Saconnex,2007,10607.0
580,Grand-Saconnex,2008,10785.0
581,Grand-Saconnex,2009,11140.0
582,Grand-Saconnex,2010,11668.0
583,Grand-Saconnex,2011,11866.0
584,Grand-Saconnex,2012,11911.0
585,Grand-Saconnex,2013,11991.0
586,Grand-Saconnex,2014,12061.0
587,Grand-Saconnex,2015,12171.0
588,Grand-Saconnex,2016,12153.0
589,Grand-Saconnex,2017,11982.0
590,Grand-Saconnex,2018,12080.0
591,Grand-Saconnex,2019,12267.0
592,Grand-Saconnex,2020,12394.0
593,Grand-Saconnex,2021,12317.0
594,Grand-Saconnex,2022,12309.0
595,Grand-Saconnex,2023,12827.0
596,Grand-Saconnex,2024,12971.0
597,Grand-Saconnex,Unnamed: 1,
598,Gy,2000,367.0
599,Gy,2001,374.0
600,Gy,2002,386.0
601,Gy,2003,405.0
602,Gy,2004,393.0
603,Gy,2005,394.0
604,Gy,2006,401.0
605,Gy,2007,413.0
606,Gy,2008,411.0
607,Gy,2009,418.0
608,Gy,2010,445.0
609,Gy,2011,483.0
610,Gy,2012,478.0
611,Gy,2013,498.0
612,Gy,2014,501.0
613,Gy,2015,511.0
614,Gy,2016,488.0
615,Gy,2017,485.0
616,Gy,2018,483.0
617,Gy,2019,488.0
618,Gy,2020,478.0
619,Gy,2021,478.0
620,Gy,2022,507.0
621,Gy,2023,553.0
622,Gy,2024,552.0
623,Gy,Unnamed: 1,
624,Hermance,2000,818.0
625,Hermance,2001,812.0
626,Hermance,2002,839.0
627,Hermance,2003,854.0
628,Hermance,2004,889.0
629,Hermance,2005,902.0
630,Hermance,2006,900.0
631,Hermance,2007,901.0
632,Hermance,2008,908.0
633,Hermance,2009,914.0
634,Hermance,2010,934.0
635,Hermance,2011,943.0
636,Hermance,2012,974.0
637,Hermance,2013,969.0
638,Hermance,2014,1018.0
639,Hermance,2015,1016.0
640,Hermance,2016,1014.0
641,Hermance,2017,1035.0
642,Hermance,2018,1075.0
643,Hermance,2019,1054.0
644,Hermance,2020,1079.0
645,Hermance,2021,1157.0
646,Hermance,2022,1221.0
647,Hermance,2023,1248.0
648,Hermance,2024,1253.0
649,Hermance,Unnamed: 1,
650,Jussy,2000,1114.0
651,Jussy,2001,1187.0
652,Jussy,2002,1171.0
653,Jussy,2003,1199.0
654,Jussy,2004,1202.0
655,Jussy,2005,1204.0
656,Jussy,2006,1243.0
657,Jussy,2007,1278.0
658,Jussy,2008,1265.0
659,Jussy,2009,1223.0
660,Jussy,2010,1213.0
661,Jussy,2011,1186.0
662,Jussy,2012,1207.0
663,Jussy,2013,1259.0
664,Jussy,2014,1275.0
665,Jussy,2015,1279.0
666,Jussy,2016,1269.0
667,Jussy,2017,1292.0
668,Jussy,2018,1273.0
669,Jussy,2019,1239.0
670,Jussy,2020,1234.0
671,Jussy,2021,1212.0
672,Jussy,2022,1209.0
673,Jussy,2023,1174.0
674,Jussy,2024,1223.0
675,Jussy,Unnamed: 1,
676,Laconnex,2000,534.0
677,Laconnex,2001,536.0
678,Laconnex,2002,545.0
679,Laconnex,2003,541.0
680,Laconnex,2004,564.0
681,Laconnex,2005,597.0
682,Laconnex,2006,617.0
683,Laconnex,2007,628.0
684,Laconnex,2008,630.0
685,Laconnex,2009,627.0
686,Laconnex,2010,608.0
687,Laconnex,2011,619.0
688,Laconnex,2012,613.0
689,Laconnex,2013,611.0
690,Laconnex,2014,620.0
691,Laconnex,2015,664.0
692,Laconnex,2016,650.0
693,Laconnex,2017,681.0
694,Laconnex,2018,693.0
695,Laconnex,2019,692.0
696,Laconnex,2020,715.0
697,Laconnex,2021,689.0
698,Laconnex,2022,709.0
699,Laconnex,2023,676.0
700,Laconnex,2024,710.0
701,Laconnex,Unnamed: 1,
702,Lancy,2000,25620.0
703,Lancy,2001,25965.0
704,Lancy,2002,26255.0
705,Lancy,2003,26788.0
706,Lancy,2004,27010.0
707,Lancy,2005,27111.0
708,Lancy,2006,27492.0
709,Lancy,2007,27548.0
710,Lancy,2008,27889.0
711,Lancy,2009,28185.0
712,Lancy,2010,28766.0
713,Lancy,2011,28820.0
714,Lancy,2012,29146.0
715,Lancy,2013,29503.0
716,Lancy,2014,31126.0
717,Lancy,2015,31557.0
718,Lancy,2016,31761.0
719,Lancy,2017,32045.0
720,Lancy,2018,32994.0
721,Lancy,2019,33469.0
722,Lancy,2020,34044.0
723,Lancy,2021,34322.0
724,Lancy,2022,34828.0
725,Lancy,2023,36237.0
726,Lancy,2024,37234.0
727,Lancy,Unnamed: 1,
728,Meinier,2000,1693.0
729,Meinier,2001,1692.0
730,Meinier,2002,1698.0
731,Meinier,2003,1758.0
732,Meinier,2004,1752.0
733,Meinier,2005,1752.0
734,Meinier,2006,1810.0
735,Meinier,2007,1787.0
736,Meinier,2008,1796.0
737,Meinier,2009,1812.0
738,Meinier,2010,1904.0
739,Meinier,2011,1882.0
740,Meinier,2012,2024.0
741,Meinier,2013,2060.0
742,Meinier,2014,2083.0
743,Meinier,2015,2145.0
744,Meinier,2016,2160.0
745,Meinier,2017,2151.0
746,Meinier,2018,2142.0
747,Meinier,2019,2124.0
748,Meinier,2020,2124.0
749,Meinier,2021,2098.0
750,Meinier,2022,2082.0
751,Meinier,2023,2083.0
752,Meinier,2024,2070.0
753,Meinier,Unnamed: 1,
754,Meyrin,2000,19655.0
755,Meyrin,2001,20175.0
756,Meyrin,2002,20307.0
757,Meyrin,2003,20491.0
758,Meyrin,2004,20615.0
759,Meyrin,2005,20642.0
760,Meyrin,2006,20670.0
761,Meyrin,2007,20793.0
762,Meyrin,2008,21021.0
763,Meyrin,2009,21442.0
764,Meyrin,2010,21671.0
765,Meyrin,2011,22077.0
766,Meyrin,2012,22221.0
767,Meyrin,2013,21960.0
768,Meyrin,2014,22075.0
769,Meyrin,2015,22399.0
770,Meyrin,2016,23324.0
771,Meyrin,2017,24128.0
772,Meyrin,2018,25219.0
773,Meyrin,2019,25681.0
774,Meyrin,2020,26157.0
775,Meyrin,2021,26372.0
776,Meyrin,2022,26624.0
777,Meyrin,2023,26871.0
778,Meyrin,2024,27000.0
779,Meyrin,Unnamed: 1,
780,Onex,2000,16479.0
781,Onex,2001,16602.0
782,Onex,2002,16752.0
783,Onex,2003,17170.0
784,Onex,2004,17447.0
785,Onex,2005,17357.0
786,Onex,2006,17380.0
787,Onex,2007,17328.0
788,Onex,2008,17348.0
789,Onex,2009,17421.0
790,Onex,2010,17714.0
791,Onex,2011,17674.0
792,Onex,2012,17943.0
793,Onex,2013,18079.0
794,Onex,2014,18366.0
795,Onex,2015,18697.0
796,Onex,2016,18863.0
797,Onex,2017,19015.0
798,Onex,2018,18966.0
799,Onex,2019,19102.0
800,Onex,2020,18992.0
801,Onex,2021,18885.0
802,Onex,2022,18846.0
803,Onex,2023,18876.0
804,Onex,2024,18943.0
805,Onex,Unnamed: 1,
806,Perly-Certoux,2000,2775.0
807,Perly-Certoux,2001,2731.0
808,Perly-Certoux,2002,2759.0
809,Perly-Certoux,2003,2786.0
810,Perly-Certoux,2004,2769.0
811,Perly-Certoux,2005,2759.0
812,Perly-Certoux,2006,2832.0
813,Perly-Certoux,2007,2851.0
814,Perly-Certoux,2008,2821.0
815,Perly-Certoux,2009,2874.0
816,Perly-Certoux,2010,2899.0
817,Perly-Certoux,2011,2962.0
818,Perly-Certoux,2012,3004.0
819,Perly-Certoux,2013,3065.0
820,Perly-Certoux,2014,3080.0
821,Perly-Certoux,2015,3046.0
822,Perly-Certoux,2016,3045.0
823,Perly-Certoux,2017,3091.0
824,Perly-Certoux,2018,3056.0
825,Perly-Certoux,2019,3107.0
826,Perly-Certoux,2020,3131.0
827,Perly-Certoux,2021,3129.0
828,Perly-Certoux,2022,3147.0
829,Perly-Certoux,2023,3185.0
830,Perly-Certoux,2024,3310.0
831,Perly-Certoux,Unnamed: 1,
832,Plan-les-Ouates,2000,6803.0
833,Plan-les-Ouates,2001,7245.0
834,Plan-les-Ouates,2002,7482.0
835,Plan-les-Ouates,2003,7829.0
836,Plan-les-Ouates,2004,8631.0
837,Plan-les-Ouates,2005,8841.0
838,Plan-les-Ouates,2006,9015.0
839,Plan-les-Ouates,2007,9605.0
840,Plan-les-Ouates,2008,9800.0
841,Plan-les-Ouates,2009,9820.0
842,Plan-les-Ouates,2010,10008.0
843,Plan-les-Ouates,2011,10245.0
844,Plan-les-Ouates,2012,10309.0
845,Plan-les-Ouates,2013,10314.0
846,Plan-les-Ouates,2014,10344.0
847,Plan-les-Ouates,2015,10374.0
848,Plan-les-Ouates,2016,10603.0
849,Plan-les-Ouates,2017,10748.0
850,Plan-les-Ouates,2018,10700.0
851,Plan-les-Ouates,2019,10661.0
852,Plan-les-Ouates,2020,10628.0
853,Plan-les-Ouates,2021,11772.0
854,Plan-les-Ouates,2022,12115.0
855,Plan-les-Ouates,2023,12214.0
856,Plan-les-Ouates,2024,12180.0
857,Plan-les-Ouates,Unnamed: 1,
858,Pregny-Chambésy,2000,3100.0
859,Pregny-Chambésy,2001,3046.0
860,Pregny-Chambésy,2002,3301.0
861,Pregny-Chambésy,2003,3456.0
862,Pregny-Chambésy,2004,3466.0
863,Pregny-Chambésy,2005,3536.0
864,Pregny-Chambésy,2006,3545.0
865,Pregny-Chambésy,2007,3588.0
866,Pregny-Chambésy,2008,3602.0
867,Pregny-Chambésy,2009,3753.0
868,Pregny-Chambésy,2010,3679.0
869,Pregny-Chambésy,2011,3660.0
870,Pregny-Chambésy,2012,3626.0
871,Pregny-Chambésy,2013,3565.0
872,Pregny-Chambésy,2014,3589.0
873,Pregny-Chambésy,2015,3635.0
874,Pregny-Chambésy,2016,3929.0
875,Pregny-Chambésy,2017,3936.0
876,Pregny-Chambésy,2018,3690.0
877,Pregny-Chambésy,2019,3687.0
878,Pregny-Chambésy,2020,3735.0
879,Pregny-Chambésy,2021,3790.0
880,Pregny-Chambésy,2022,3882.0
881,Pregny-Chambésy,2023,3955.0
882,Pregny-Chambésy,2024,4113.0
883,Pregny-Chambésy,Unnamed: 1,
884,Presinge,2000,546.0
885,Presinge,2001,654.0
886,Presinge,2002,641.0
887,Presinge,2003,627.0
888,Presinge,2004,609.0
889,Presinge,2005,615.0
890,Presinge,2006,630.0
891,Presinge,2007,672.0
892,Presinge,2008,681.0
893,Presinge,2009,659.0
894,Presinge,2010,660.0
895,Presinge,2011,683.0
896,Presinge,2012,675.0
897,Presinge,2013,668.0
898,Presinge,2014,686.0
899,Presinge,2015,712.0
900,Presinge,2016,677.0
901,Presinge,2017,698.0
902,Presinge,2018,724.0
903,Presinge,2019,735.0
904,Presinge,2020,708.0
905,Presinge,2021,713.0
906,Presinge,2022,756.0
907,Presinge,2023,745.0
908,Presinge,2024,722.0
909,Presinge,Unnamed: 1,
910,Puplinge,2000,2054.0
911,Puplinge,2001,2108.0
912,Puplinge,2002,2133.0
913,Puplinge,2003,2148.0
914,Puplinge,2004,2153.0
915,Puplinge,2005,2125.0
916,Puplinge,2006,2107.0
917,Puplinge,2007,2083.0
918,Puplinge,2008,2076.0
919,Puplinge,2009,2065.0
920,Puplinge,2010,2030.0
921,Puplinge,2011,2054.0
922,Puplinge,2012,2037.0
923,Puplinge,2013,2056.0
924,Puplinge,2014,2042.0
925,Puplinge,2015,2127.0
926,Puplinge,2016,2349.0
927,Puplinge,2017,2438.0
928,Puplinge,2018,2467.0
929,Puplinge,2019,2476.0
930,Puplinge,2020,2488.0
931,Puplinge,2021,2519.0
932,Puplinge,2022,2523.0
933,Puplinge,2023,2560.0
934,Puplinge,2024,2624.0
935,Puplinge,Unnamed: 1,
936,Russin,2000,404.0
937,Russin,2001,386.0
938,Russin,2002,400.0
939,Russin,2003,410.0
940,Russin,2004,402.0
941,Russin,2005,398.0
942,Russin,2006,405.0
943,Russin,2007,395.0
944,Russin,2008,397.0
945,Russin,2009,464.0
946,Russin,2010,474.0
947,Russin,2011,482.0
948,Russin,2012,490.0
949,Russin,2013,489.0
950,Russin,2014,506.0
951,Russin,2015,533.0
952,Russin,2016,533.0
953,Russin,2017,542.0
954,Russin,2018,542.0
955,Russin,2019,538.0
956,Russin,2020,539.0
957,Russin,2021,529.0
958,Russin,2022,533.0
959,Russin,2023,521.0
960,Russin,2024,545.0
961,Russin,Unnamed: 1,
962,Satigny,2000,2773.0
963,Satigny,2001,2800.0
964,Satigny,2002,2805.0
965,Satigny,2003,2855.0
966,Satigny,2004,2904.0
967,Satigny,2005,3023.0
968,Satigny,2006,3060.0
969,Satigny,2007,3083.0
970,Satigny,2008,3212.0
971,Satigny,2009,3317.0
972,Satigny,2010,3630.0
973,Satigny,2011,3811.0
974,Satigny,2012,3914.0
975,Satigny,2013,3978.0
976,Satigny,2014,4040.0
977,Satigny,2015,4127.0
978,Satigny,2016,4125.0
979,Satigny,2017,4198.0
980,Satigny,2018,4203.0
981,Satigny,2019,4322.0
982,Satigny,2020,4320.0
983,Satigny,2021,4405.0
984,Satigny,2022,4516.0
985,Satigny,2023,4642.0
986,Satigny,2024,4759.0
987,Satigny,Unnamed: 1,
988,Soral,2000,597.0
989,Soral,2001,626.0
990,Soral,2002,647.0
991,Soral,2003,633.0
992,Soral,2004,657.0
993,Soral,2005,668.0
994,Soral,2006,665.0
995,Soral,2007,672.0
996,Soral,2008,688.0
997,Soral,2009,715.0
998,Soral,2010,737.0
999,Soral,2011,739.0
1000,Soral,2012,725.0
1001,Soral,2013,751.0
1002,Soral,2014,768.0
1003,Soral,2015,759.0
1004,Soral,2016,770.0
1005,Soral,2017,827.0
1006,Soral,2018,860.0
1007,Soral,2019,951.0
1008,Soral,2020,976.0
1009,Soral,2021,973.0
1010,Soral,2022,965.0
1011,Soral,2023,954.0
1012,Soral,2024,942.0
1013,Soral,Unnamed: 1,
1014,Thônex,2000,12452.0
1015,Thônex,2001,12933.0
1016,Thônex,2002,13020.0
1017,Thônex,2003,13090.0
1018,Thônex,2004,13226.0
1019,Thônex,2005,13231.0
1020,Thônex,2006,13229.0
1021,Thônex,2007,13251.0
1022,Thônex,2008,13395.0
1023,Thônex,2009,13471.0
1024,Thônex,2010,13613.0
1025,Thônex,2011,13564.0
1026,Thônex,2012,13722.0
1027,Thônex,2013,13851.0
1028,Thônex,2014,14057.0
1029,Thônex,2015,14140.0
1030,Thônex,2016,14029.0
1031,Thônex,2017,14175.0
1032,Thônex,2018,14212.0
1033,Thônex,2019,14243.0
1034,Thônex,2020,14672.0
1035,Thônex,2021,14957.0
1036,Thônex,2022,16321.0
1037,Thônex,2023,16764.0
1038,Thônex,2024,16888.0
1039,Thônex,Unnamed: 1,
1040,Troinex,2000,1988.0
1041,Troinex,2001,2091.0
1042,Troinex,2002,2071.0
1043,Troinex,2003,2161.0
1044,Troinex,2004,2159.0
1045,Troinex,2005,2157.0
1046,Troinex,2006,2145.0
1047,Troinex,2007,2154.0
1048,Troinex,2008,2183.0
1049,Troinex,2009,2177.0
1050,Troinex,2010,2180.0
1051,Troinex,2011,2250.0
1052,Troinex,2012,2251.0
1053,Troinex,2013,2300.0
1054,Troinex,2014,2332.0
1055,Troinex,2015,2338.0
1056,Troinex,2016,2285.0
1057,Troinex,2017,2413.0
1058,Troinex,2018,2503.0
1059,Troinex,2019,2513.0
1060,Troinex,2020,2553.0
1061,Troinex,2021,2596.0
1062,Troinex,2022,2636.0
1063,Troinex,2023,2871.0
1064,Troinex,2024,3151.0
1065,Troinex,Unnamed: 1,
1066,Vandoeuvres,2000,2334.0
1067,Vandoeuvres,2001,2400.0
1068,Vandoeuvres,2002,2432.0
1069,Vandoeuvres,2003,2555.0
1070,Vandoeuvres,2004,2578.0
1071,Vandoeuvres,2005,2613.0
1072,Vandoeuvres,2006,2601.0
1073,Vandoeuvres,2007,2670.0
1074,Vandoeuvres,2008,2660.0
1075,Vandoeuvres,2009,2642.0
1076,Vandoeuvres,2010,2674.0
1077,Vandoeuvres,2011,2676.0
1078,Vandoeuvres,2012,2573.0
1079,Vandoeuvres,2013,2596.0
1080,Vandoeuvres,2014,2589.0
1081,Vandoeuvres,2015,2542.0
1082,Vandoeuvres,2016,2526.0
1083,Vandoeuvres,2017,2547.0
1084,Vandoeuvres,2018,2547.0
1085,Vandoeuvres,2019,2624.0
1086,Vandoeuvres,2020,2798.0
1087,Vandoeuvres,2021,2899.0
1088,Vandoeuvres,2022,2922.0
1089,Vandoeuvres,2023,2975.0
1090,Vandoeuvres,2024,3062.0
1091,Vandoeuvres,Unnamed: 1,
1092,Vernier,2000,29241.0
1093,Vernier,2001,30215.0
1094,Vernier,2002,30519.0
1095,Vernier,2003,31020.0
1096,Vernier,2004,31096.0
1097,Vernier,2005,31130.0
1098,Vernier,2006,31824.0
1099,Vernier,2007,32038.0
1100,Vernier,2008,32515.0
1101,Vernier,2009,33004.0
1102,Vernier,2010,33335.0
1103,Vernier,2011,33855.0
1104,Vernier,2012,34322.0
1105,Vernier,2013,34767.0
1106,Vernier,2014,35164.0
1107,Vernier,2015,35298.0
1108,Vernier,2016,35397.0
1109,Vernier,2017,35423.0
1110,Vernier,2018,35073.0
1111,Vernier,2019,35240.0
1112,Vernier,2020,35151.0
1113,Vernier,2021,35778.0
1114,Vernier,2022,37076.0
1115,Vernier,2023,37536.0
1116,Vernier,2024,37867.0
1117,Vernier,Unnamed: 1,
1118,Versoix,2000,10826.0
1119,Versoix,2001,11005.0
1120,Versoix,2002,11128.0
1121,Versoix,2003,11324.0
1122,Versoix,2004,11635.0
1123,Versoix,2005,11920.0
1124,Versoix,2006,12217.0
1125,Versoix,2007,12468.0
1126,Versoix,2008,12749.0
1127,Versoix,2009,13022.0
1128,Versoix,2010,13140.0
1129,Versoix,2011,13092.0
1130,Versoix,2012,13019.0
1131,Versoix,2013,13119.0
1132,Versoix,2014,13244.0
1133,Versoix,2015,13439.0
1134,Versoix,2016,13282.0
1135,Versoix,2017,13333.0
1136,Versoix,2018,13450.0
1137,Versoix,2019,13450.0
1138,Versoix,2020,13380.0
1139,Versoix,2021,13370.0
1140,Versoix,2022,13446.0
1141,Versoix,2023,13978.0
1142,Versoix,2024,13928.0
1143,Versoix,Unnamed: 1,
1144,Veyrier,2000,8943.0
1145,Veyrier,2001,9148.0
1146,Veyrier,2002,9231.0
1147,Veyrier,2003,9317.0
1148,Veyrier,2004,9444.0
1149,Veyrier,2005,9580.0
1150,Veyrier,2006,9689.0
1151,Veyrier,2007,9677.0
1152,Veyrier,2008,9751.0
1153,Veyrier,2009,9782.0
1154,Veyrier,2010,10019.0
1155,Veyrier,2011,10287.0
1156,Veyrier,2012,10300.0
1157,Veyrier,2013,10856.0
1158,Veyrier,2014,11058.0
1159,Veyrier,2015,11298.0
1160,Veyrier,2016,11556.0
1161,Veyrier,2017,11573.0
1162,Veyrier,2018,11650.0
1163,Veyrier,2019,11925.0
1164,Veyrier,2020,11880.0
1165,Veyrier,2021,11842.0
1166,Veyrier,2022,11936.0
1167,Veyrier,2023,11924.0
1168,Veyrier,2024,12076.0
1169,Veyrier,Unnamed: 1,
