,Commune,Année,electric_cars_per_charging_spot,elec_consumption_mwh_per_year_per_capita,renelec_production_mwh_per_year_per_capita
100296,Aire-la-Ville,2023-11-30,8.5,3.4474,34.5596
100297,Aire-la-Ville,2023-12-31,18.5,3.4965,34.5444
100298,Aire-la-Ville,2024-01-31,20.0,3.5456,34.6373
100299,Aire-la-Ville,2024-02-29,20.0,3.6118,34.5283
100300,Aire-la-Ville,2024-03-31,6.8,3.6118,34.5596
100301,Aire-la-Ville,2024-04-30,10.8,3.5827,34.3824
100302,Aire-la-Ville,2024-05-31,21.0,3.5632,31.7834
100303,Aire-la-Ville,2024-06-30,20.5,3.5534,31.7834
100304,Aire-la-Ville,2024-07-31,21.5,3.5534,31.7834
100305,Aire-la-Ville,2024-08-31,21.5,3.3384,31.0361
100307,Aire-la-Ville,2024-10-31,21.5,3.6627,31.3906
100308,Aire-la-Ville,2024-11-30,21.5,3.6698,31.467
100309,Aire-la-Ville,2024-12-31,21.5,3.628,31.4102
100310,Aire-la-Ville,2025-01-31,21.5,3.5703,31.0121
100311,Aire-la-Ville,2025-02-28,23.5,3.1669,30.718
100312,Aire-la-Ville,2025-03-31,24.0,3.1553,30.6006
100345,Anières,2023-11-30,29.5,3.5403,0.2223
100346,Anières,2023-12-31,30.0,3.5374,0.224
100347,Anières,2024-01-31,29.0,3.5465,0.2268
100348,Anières,2024-02-29,28.0,3.5699,0.2285
100349,Anières,2024-03-31,29.5,3.5699,0.2277
100350,Anières,2024-04-30,31.0,3.5656,0.2417
100351,Anières,2024-05-31,31.5,3.5417,0.2673
100352,Anières,2024-06-30,34.0,3.5347,0.2673
100353,Anières,2024-07-31,10.1,3.5347,0.2673
100354,Anières,2024-08-31,10.1,3.2925,0.3177
100355,Anières,2024-09-30,10.6,3.6167,0.3346
100356,Anières,2024-10-31,11.1,3.6192,0.3453
100357,Anières,2024-11-30,10.9,3.6312,0.3428
100358,Anières,2024-12-31,11.4,3.6679,0.356
100359,Anières,2025-01-31,11.4,3.7046,0.3568
100360,Anières,2025-02-28,11.0,3.2768,0.3717
100361,Anières,2025-03-31,11.0,3.2783,0.3699
100394,Avully,2023-11-30,5.5,1.8671,125.5535
100395,Avully,2023-12-31,5.5,1.8682,130.4151
100396,Avully,2024-01-31,6.0,1.8812,133.9985
100397,Avully,2024-02-29,6.0,1.8941,136.4255
100398,Avully,2024-03-31,6.5,1.8941,141.439
100399,Avully,2024-04-30,7.0,1.9015,142.7058
100400,Avully,2024-05-31,7.5,1.8878,146.6187
100401,Avully,2024-06-30,7.5,1.8795,146.6187
100402,Avully,2024-07-31,7.5,1.8795,146.6187
100403,Avully,2024-08-31,7.5,1.8783,155.2851
100404,Avully,2024-09-30,8.0,1.9366,155.8417
100405,Avully,2024-10-31,8.5,1.9265,155.8899
100406,Avully,2024-11-30,8.5,1.9259,160.5905
100407,Avully,2024-12-31,8.5,1.9336,156.2475
100408,Avully,2025-01-31,8.5,1.9336,153.907
100409,Avully,2025-02-28,10.0,1.715,152.3363
100410,Avully,2025-03-31,10.5,1.73,150.9916
100443,Avusy,2023-11-30,8.0,3.5311,0.3491
100444,Avusy,2023-12-31,8.3,3.5019,0.3498
100445,Avusy,2024-01-31,8.3,3.5408,0.3536
100446,Avusy,2024-02-29,8.3,3.5453,0.3558
100447,Avusy,2024-03-31,8.8,3.5453,0.3536
100448,Avusy,2024-04-30,8.8,3.5192,0.3816
100449,Avusy,2024-05-31,8.8,3.5067,0.3986
100450,Avusy,2024-06-30,9.0,3.506,0.3986
100451,Avusy,2024-07-31,9.5,3.506,0.3986
100452,Avusy,2024-08-31,9.5,3.4853,0.4317
100453,Avusy,2024-09-30,9.5,3.6003,0.473
100454,Avusy,2024-10-31,9.5,3.6054,0.4759
100455,Avusy,2024-11-30,9.5,3.6231,0.4848
100456,Avusy,2024-12-31,9.5,3.6482,0.4892
100457,Avusy,2025-01-31,9.5,3.7108,0.5061
100458,Avusy,2025-02-28,9.8,3.2776,0.5098
100459,Avusy,2025-03-31,9.8,3.3163,0.5105
100548,Bellevue,2024-06-30,73.0,3.7337,0.2927
100549,Bellevue,2024-07-31,75.0,3.7337,0.2927
100550,Bellevue,2024-08-31,75.0,3.7471,0.3565
100551,Bellevue,2024-09-30,8.4,3.7725,0.378
100552,Bellevue,2024-10-31,8.8,3.7707,0.3899
100553,Bellevue,2024-11-30,8.8,3.7864,0.3861
100554,Bellevue,2024-12-31,8.9,3.8018,0.3865
100555,Bellevue,2025-01-31,8.9,4.1122,0.3861
100556,Bellevue,2025-02-28,8.8,3.6533,0.3897
100557,Bellevue,2025-03-31,8.9,3.4787,0.3711
100590,Bernex,2023-11-30,18.0,2.7855,0.3135
100591,Bernex,2023-12-31,20.9,2.7679,0.314
100592,Bernex,2024-01-31,19.4,2.9015,0.3158
100593,Bernex,2024-02-29,19.5,2.9273,0.3169
100594,Bernex,2024-03-31,19.8,2.9273,0.3167
100595,Bernex,2024-04-30,20.6,2.9769,0.3598
100596,Bernex,2024-05-31,20.4,2.9677,0.3714
100597,Bernex,2024-06-30,20.8,2.9654,0.3714
100598,Bernex,2024-07-31,21.5,2.9654,0.3714
100599,Bernex,2024-08-31,21.5,2.9649,0.3833
100600,Bernex,2024-09-30,22.3,3.0778,0.3985
100601,Bernex,2024-10-31,25.6,3.0903,0.4004
100602,Bernex,2024-11-30,25.6,3.1024,0.4053
100603,Bernex,2024-12-31,25.7,3.1037,0.4141
100604,Bernex,2025-01-31,22.5,3.2083,0.4149
100605,Bernex,2025-02-28,23.0,2.8539,0.4198
100606,Bernex,2025-03-31,22.9,2.8476,0.4181
100639,Carouge (GE),2023-11-30,16.7,5.8447,0.1263
100640,Carouge (GE),2023-12-31,8.6,5.8168,0.126
100641,Carouge (GE),2024-01-31,8.6,5.8561,0.1269
100642,Carouge (GE),2024-02-29,8.9,5.8609,0.1253
100643,Carouge (GE),2024-03-31,9.0,5.8609,0.1254
100644,Carouge (GE),2024-04-30,9.8,5.9292,0.1255
100645,Carouge (GE),2024-05-31,9.0,5.9112,0.1271
100646,Carouge (GE),2024-06-30,9.3,5.8993,0.1271
100647,Carouge (GE),2024-07-31,10.4,5.8993,0.1271
100648,Carouge (GE),2024-08-31,10.4,5.9685,0.1266
100649,Carouge (GE),2024-09-30,9.7,5.9867,0.1312
100650,Carouge (GE),2024-10-31,9.7,5.9694,0.1315
100651,Carouge (GE),2024-11-30,9.5,5.9804,0.1299
100652,Carouge (GE),2024-12-31,9.8,5.9999,0.1319
100653,Carouge (GE),2025-01-31,9.8,6.0116,0.1304
100654,Carouge (GE),2025-02-28,10.1,5.3333,0.1314
100655,Carouge (GE),2025-03-31,10.4,5.3557,0.1311
100745,Céligny,2024-07-31,29.0,3.4539,0.3018
100746,Céligny,2024-08-31,29.0,3.3283,0.2961
100747,Céligny,2024-09-30,30.0,3.5829,0.3433
100748,Céligny,2024-10-31,31.0,3.5864,0.3433
100749,Céligny,2024-11-30,31.0,3.5933,0.3399
100750,Céligny,2024-12-31,32.0,3.6302,0.341
100751,Céligny,2025-01-31,32.0,3.6221,0.341
100752,Céligny,2025-02-28,33.0,3.212,0.3433
100753,Céligny,2025-03-31,34.0,3.1677,0.3354
100835,Chêne-Bougeries,2023-11-30,64.7,2.9442,0.1292
100836,Chêne-Bougeries,2023-12-31,67.0,2.9363,0.1293
100837,Chêne-Bougeries,2024-01-31,206.0,2.9972,0.1305
100838,Chêne-Bougeries,2024-02-29,69.0,2.9874,0.1311
100839,Chêne-Bougeries,2024-03-31,72.7,2.9874,0.1296
100840,Chêne-Bougeries,2024-04-30,74.7,2.9786,0.1321
100841,Chêne-Bougeries,2024-05-31,76.3,2.9605,0.1379
100842,Chêne-Bougeries,2024-06-30,78.0,2.957,0.1379
100843,Chêne-Bougeries,2024-07-31,79.7,2.957,0.1379
100844,Chêne-Bougeries,2024-08-31,79.7,2.8936,0.1478
100845,Chêne-Bougeries,2024-09-30,47.4,3.0137,0.1565
100846,Chêne-Bougeries,2024-10-31,47.8,3.0045,0.1571
100847,Chêne-Bougeries,2024-11-30,49.4,3.0112,0.1576
100848,Chêne-Bougeries,2024-12-31,50.0,3.0178,0.1608
100849,Chêne-Bougeries,2025-01-31,50.0,3.1379,0.1632
100850,Chêne-Bougeries,2025-02-28,53.0,2.7834,0.1651
100851,Chêne-Bougeries,2025-03-31,54.4,2.7292,0.1612
100884,Chêne-Bourg,2023-11-30,9.8,3.1155,0.0963
100885,Chêne-Bourg,2023-12-31,12.2,3.0931,0.0962
100886,Chêne-Bourg,2024-01-31,10.5,3.1372,0.097
100887,Chêne-Bourg,2024-02-29,10.3,3.1442,0.0973
100888,Chêne-Bourg,2024-03-31,10.3,3.1442,0.0961
100889,Chêne-Bourg,2024-04-30,11.0,3.1779,0.0998
100890,Chêne-Bourg,2024-05-31,11.2,3.1672,0.1028
100891,Chêne-Bourg,2024-06-30,11.7,3.1644,0.1028
100892,Chêne-Bourg,2024-07-31,11.7,3.1644,0.1028
100893,Chêne-Bourg,2024-08-31,11.7,3.0978,0.1075
100894,Chêne-Bourg,2024-09-30,11.8,3.1822,0.1112
100895,Chêne-Bourg,2024-10-31,12.8,3.1682,0.1106
100896,Chêne-Bourg,2024-11-30,12.5,3.184,0.11
100897,Chêne-Bourg,2024-12-31,11.1,3.1983,0.1103
100898,Chêne-Bourg,2025-01-31,11.1,3.2469,0.1113
100899,Chêne-Bourg,2025-02-28,8.8,2.8862,0.1171
100900,Chêne-Bourg,2025-03-31,8.9,2.8831,0.1165
100933,Choulex,2023-11-30,31.0,2.9472,0.2046
100934,Choulex,2023-12-31,16.0,2.92,0.2054
100935,Choulex,2024-01-31,16.0,2.9142,0.2079
100936,Choulex,2024-02-29,16.0,2.9323,0.2087
100937,Choulex,2024-03-31,16.0,2.9323,0.2071
100938,Choulex,2024-04-30,16.0,2.8715,0.2042
100939,Choulex,2024-05-31,16.5,2.8651,0.2139
100940,Choulex,2024-06-30,17.0,2.8731,0.2139
100943,Choulex,2024-09-30,16.5,3.0026,0.2485
100944,Choulex,2024-10-31,15.5,3.001,0.2557
101031,Collonge-Bellerive,2023-11-30,45.2,4.4212,0.2562
101032,Collonge-Bellerive,2023-12-31,56.8,4.4056,0.2572
101033,Collonge-Bellerive,2024-01-31,58.5,4.4,0.26
101034,Collonge-Bellerive,2024-02-29,33.3,4.4036,0.2617
101035,Collonge-Bellerive,2024-03-31,33.4,4.4036,0.2602
101036,Collonge-Bellerive,2024-04-30,34.0,4.4637,0.2776
101037,Collonge-Bellerive,2024-05-31,34.3,4.4453,0.3002
101038,Collonge-Bellerive,2024-06-30,34.4,4.4448,0.3002
101039,Collonge-Bellerive,2024-07-31,35.1,4.4448,0.3002
101040,Collonge-Bellerive,2024-08-31,35.1,4.4676,0.3381
101041,Collonge-Bellerive,2024-09-30,28.1,4.4839,0.3613
101042,Collonge-Bellerive,2024-10-31,31.5,4.4793,0.3698
101043,Collonge-Bellerive,2024-11-30,31.6,4.4879,0.3733
101044,Collonge-Bellerive,2024-12-31,32.0,4.5096,0.3839
101045,Collonge-Bellerive,2025-01-31,32.0,4.5942,0.389
101046,Collonge-Bellerive,2025-02-28,33.6,4.0757,0.4005
101047,Collonge-Bellerive,2025-03-31,29.7,4.0462,0.3967
101080,Cologny,2023-11-30,7.7,3.6152,0.1422
101081,Cologny,2023-12-31,7.9,3.5985,0.1427
101082,Cologny,2024-01-31,8.0,3.5931,0.1443
101083,Cologny,2024-02-29,8.0,3.6096,0.1452
101084,Cologny,2024-03-31,8.1,3.6096,0.1442
101085,Cologny,2024-04-30,8.1,3.5611,0.1556
101086,Cologny,2024-05-31,8.4,3.5349,0.1607
101087,Cologny,2024-06-30,8.6,3.5277,0.1607
101088,Cologny,2024-07-31,8.5,3.5277,0.1607
101089,Cologny,2024-08-31,8.5,3.3993,0.1654
101090,Cologny,2024-09-30,8.5,3.6425,0.1723
101091,Cologny,2024-10-31,8.9,3.6438,0.173
101092,Cologny,2024-11-30,9.2,3.6602,0.1746
101093,Cologny,2024-12-31,9.1,3.6552,0.1837
101094,Cologny,2025-01-31,9.1,3.6775,0.1889
101095,Cologny,2025-02-28,9.3,3.2639,0.1907
101096,Cologny,2025-03-31,9.3,3.2124,0.187
101130,Confignon,2023-12-31,5.5,2.8732,0.2744
101131,Confignon,2024-01-31,9.7,2.9861,0.2775
101132,Confignon,2024-02-29,5.9,2.9652,0.279
101133,Confignon,2024-03-31,6.1,2.9652,0.2772
101134,Confignon,2024-04-30,6.0,2.934,0.2823
101135,Confignon,2024-05-31,5.9,2.8892,0.2932
101136,Confignon,2024-06-30,6.0,2.9171,0.2932
101137,Confignon,2024-07-31,6.1,2.9171,0.2932
101138,Confignon,2024-08-31,6.1,2.9327,0.3214
101139,Confignon,2024-09-30,6.4,3.0013,0.3387
101140,Confignon,2024-10-31,8.1,3.0275,0.3404
101141,Confignon,2024-11-30,8.4,2.9993,0.3428
101142,Confignon,2024-12-31,6.7,3.0192,0.3479
101143,Confignon,2025-01-31,6.7,3.097,0.3518
101144,Confignon,2025-02-28,6.9,2.7397,0.3538
101145,Confignon,2025-03-31,7.1,2.7243,0.3553
101189,Corsier (GE),2024-10-31,17.3,2.9545,0.2395
101190,Corsier (GE),2024-11-30,17.5,2.9779,0.2391
101191,Corsier (GE),2024-12-31,18.0,2.983,0.2425
101192,Corsier (GE),2025-01-31,18.0,3.0239,0.2433
101193,Corsier (GE),2025-02-28,18.3,2.6945,0.2536
101194,Corsier (GE),2025-03-31,18.3,2.6613,0.2485
101228,Dardagny,2023-12-31,3.5,8.2946,0.2208
101229,Dardagny,2024-01-31,3.8,8.2865,0.223
101230,Dardagny,2024-02-29,3.8,8.3131,0.2241
101231,Dardagny,2024-03-31,1.8,8.3131,0.2214
101232,Dardagny,2024-04-30,1.8,8.7138,0.231
101233,Dardagny,2024-05-31,1.8,8.6911,0.2423
101234,Dardagny,2024-06-30,1.8,8.699,0.2423
101235,Dardagny,2024-07-31,1.9,8.699,0.2423
101236,Dardagny,2024-08-31,1.9,8.8898,0.2395
101237,Dardagny,2024-09-30,1.8,8.2343,0.2446
101238,Dardagny,2024-10-31,1.9,8.2156,0.2406
101239,Dardagny,2024-11-30,1.9,8.2263,0.2361
101240,Dardagny,2024-12-31,1.9,8.2694,0.2361
101241,Dardagny,2025-01-31,1.9,8.2371,0.2349
101242,Dardagny,2025-02-28,2.1,7.3177,0.2395
101243,Dardagny,2025-03-31,2.3,7.3916,0.24
101276,Genève,2023-11-30,9.4,4.566,0.1213
101277,Genève,2023-12-31,9.4,4.5425,0.1245
101278,Genève,2024-01-31,9.2,4.5881,0.1273
101279,Genève,2024-02-29,10.1,4.569,0.129
101280,Genève,2024-03-31,9.1,4.569,0.132
101281,Genève,2024-04-30,10.8,4.5641,0.1335
101282,Genève,2024-05-31,10.0,4.5488,0.1366
101283,Genève,2024-06-30,9.7,4.5412,0.1366
101284,Genève,2024-07-31,11.5,4.5412,0.1366
101285,Genève,2024-08-31,11.5,4.5786,0.1446
101286,Genève,2024-09-30,10.8,4.6434,0.1475
101287,Genève,2024-10-31,11.0,4.6315,0.1487
101288,Genève,2024-11-30,10.0,4.6325,0.1538
101289,Genève,2024-12-31,10.2,4.6528,0.1518
101290,Genève,2025-01-31,10.3,4.6541,0.1473
101291,Genève,2025-02-28,10.5,4.1256,0.1466
101292,Genève,2025-03-31,10.5,4.1195,0.1444
101374,Le Grand-Saconnex,2023-11-30,10.7,4.2731,0.4826
101375,Le Grand-Saconnex,2023-12-31,13.2,4.2406,0.4826
101376,Le Grand-Saconnex,2024-01-31,11.7,4.2844,0.4864
101377,Le Grand-Saconnex,2024-02-29,13.0,4.2914,0.4878
101378,Le Grand-Saconnex,2024-03-31,10.4,4.2914,0.4812
101379,Le Grand-Saconnex,2024-04-30,14.6,4.244,0.4894
101380,Le Grand-Saconnex,2024-05-31,14.6,4.223,0.5007
101381,Le Grand-Saconnex,2024-06-30,12.4,4.2185,0.5007
101382,Le Grand-Saconnex,2024-07-31,15.2,4.2185,0.5007
101383,Le Grand-Saconnex,2024-08-31,15.2,4.2192,0.5081
101384,Le Grand-Saconnex,2024-09-30,9.2,4.3636,0.5343
101385,Le Grand-Saconnex,2024-10-31,9.2,4.3668,0.5283
101386,Le Grand-Saconnex,2024-11-30,10.8,4.3768,0.5197
101387,Le Grand-Saconnex,2024-12-31,10.9,4.386,0.5195
101388,Le Grand-Saconnex,2025-01-31,9.2,4.3805,0.4977
101389,Le Grand-Saconnex,2025-02-28,10.1,3.8866,0.5019
101390,Le Grand-Saconnex,2025-03-31,9.2,3.8576,0.4937
101521,Jussy,2023-11-30,41.0,4.7639,0.3854
101522,Jussy,2023-12-31,43.0,4.7356,0.388
101523,Jussy,2024-01-31,44.0,4.8446,0.3931
101525,Jussy,2024-03-31,45.0,4.8627,0.3957
101527,Jussy,2024-05-31,48.0,4.8374,0.5974
101528,Jussy,2024-06-30,49.0,4.8157,0.5974
101531,Jussy,2024-09-30,51.0,4.9591,0.8687
101532,Jussy,2024-10-31,52.0,4.9496,0.8661
101533,Jussy,2024-11-30,52.0,4.9426,0.8539
101534,Jussy,2024-12-31,52.0,4.9678,0.8539
101535,Jussy,2025-01-31,52.0,5.0757,0.853
101536,Jussy,2025-02-28,53.0,4.4922,0.8817
101537,Jussy,2025-03-31,52.0,4.545,0.8941
101570,Laconnex,2023-11-30,5.0,3.1854,0.2117
101571,Laconnex,2023-12-31,5.5,3.1591,0.2117
101572,Laconnex,2024-01-31,5.5,3.1314,0.2131
101573,Laconnex,2024-02-29,7.0,3.1372,0.2131
101574,Laconnex,2024-03-31,7.5,3.1372,0.2102
101575,Laconnex,2024-04-30,8.0,3.0454,0.2426
101576,Laconnex,2024-05-31,8.0,3.0298,0.2539
101577,Laconnex,2024-06-30,8.0,3.027,0.2539
101578,Laconnex,2024-07-31,8.0,3.027,0.2539
101579,Laconnex,2024-08-31,8.0,3.0525,0.2752
101580,Laconnex,2024-09-30,9.0,3.1291,0.2823
101581,Laconnex,2024-10-31,9.0,3.1872,0.2794
101582,Laconnex,2024-11-30,9.0,3.1986,0.2752
101583,Laconnex,2024-12-31,10.0,3.3248,0.2752
101584,Laconnex,2025-01-31,10.0,3.3617,0.2738
101585,Laconnex,2025-02-28,10.0,2.9716,0.2766
101586,Laconnex,2025-03-31,10.0,2.9533,0.2734
101619,Lancy,2023-11-30,7.2,3.7995,0.1484
101620,Lancy,2023-12-31,6.9,3.7887,0.1481
101621,Lancy,2024-01-31,6.9,3.8712,0.1493
101622,Lancy,2024-02-29,6.7,3.8402,0.1497
101623,Lancy,2024-03-31,6.4,3.8402,0.1476
101624,Lancy,2024-04-30,6.9,3.8839,0.1511
101625,Lancy,2024-05-31,7.1,3.8826,0.1537
101626,Lancy,2024-06-30,7.3,3.8748,0.1537
101627,Lancy,2024-07-31,8.8,3.8748,0.1537
101628,Lancy,2024-08-31,8.8,3.8569,0.1761
101629,Lancy,2024-09-30,7.8,3.8736,0.1812
101630,Lancy,2024-10-31,8.0,3.8574,0.1794
101631,Lancy,2024-11-30,8.1,3.8642,0.1814
101632,Lancy,2024-12-31,6.7,3.8619,0.1817
101633,Lancy,2025-01-31,6.8,3.9115,0.1628
101634,Lancy,2025-02-28,7.1,3.4589,0.1838
101635,Lancy,2025-03-31,7.2,3.4128,0.1803
101668,Meinier,2023-11-30,5.3,4.1168,0.1219
101669,Meinier,2023-12-31,5.8,4.0765,0.1219
101671,Meinier,2024-02-29,6.0,4.1032,0.1234
101672,Meinier,2024-03-31,6.0,4.1032,0.1224
101673,Meinier,2024-04-30,6.1,4.1791,0.1305
101674,Meinier,2024-05-31,6.1,4.1796,0.1354
101675,Meinier,2024-06-30,6.3,4.1933,0.1354
101676,Meinier,2024-07-31,6.1,4.1933,0.1354
101677,Meinier,2024-08-31,6.1,4.2581,0.1369
101678,Meinier,2024-09-30,6.3,4.2453,0.1418
101679,Meinier,2024-10-31,6.4,4.2468,0.1865
101680,Meinier,2024-11-30,6.1,4.3077,0.1865
101681,Meinier,2024-12-31,6.3,4.3518,0.21
101682,Meinier,2025-01-31,6.3,4.3037,0.211
101683,Meinier,2025-02-28,6.6,3.8366,0.2154
101684,Meinier,2025-03-31,6.5,3.8892,0.2161
101717,Meyrin,2023-11-30,4.0,5.5111,0.2706
101718,Meyrin,2023-12-31,4.0,5.4853,0.2701
101719,Meyrin,2024-01-31,4.0,5.562,0.2721
101720,Meyrin,2024-02-29,3.9,5.5527,0.2729
101721,Meyrin,2024-03-31,4.1,5.5527,0.269
101722,Meyrin,2024-04-30,4.4,5.6418,0.2804
101723,Meyrin,2024-05-31,4.5,5.6286,0.2832
101724,Meyrin,2024-06-30,4.7,5.6253,0.2832
101725,Meyrin,2024-07-31,4.8,5.6253,0.2832
101726,Meyrin,2024-08-31,4.8,5.7337,0.2815
101727,Meyrin,2024-09-30,4.8,5.604,0.2863
101728,Meyrin,2024-10-31,5.7,5.5899,0.2831
101729,Meyrin,2024-11-30,5.6,5.6028,0.2794
101730,Meyrin,2024-12-31,4.5,5.6214,0.3032
101731,Meyrin,2025-01-31,4.5,5.6448,0.3027
101732,Meyrin,2025-02-28,4.8,5.0124,0.3074
101733,Meyrin,2025-03-31,4.7,4.9597,0.3021
101766,Onex,2023-11-30,44.0,1.8639,0.1024
101767,Onex,2023-12-31,44.0,1.8546,0.1024
101768,Onex,2024-01-31,46.5,1.8846,0.1033
101769,Onex,2024-02-29,46.0,1.8804,0.1037
101770,Onex,2024-03-31,46.0,1.8804,0.1027
101771,Onex,2024-04-30,47.0,1.8964,0.1084
101772,Onex,2024-05-31,48.5,1.8876,0.1103
101773,Onex,2024-06-30,50.0,1.8812,0.1103
101774,Onex,2024-07-31,51.0,1.8812,0.1103
101775,Onex,2024-08-31,51.0,1.8746,0.112
101776,Onex,2024-09-30,53.5,1.9083,0.1155
101777,Onex,2024-10-31,54.0,1.9095,0.115
101778,Onex,2024-11-30,55.5,1.9101,0.1135
101779,Onex,2024-12-31,55.0,1.9128,0.1174
101780,Onex,2025-01-31,55.0,1.9305,0.1186
101781,Onex,2025-02-28,59.0,1.7146,0.1198
101782,Onex,2025-03-31,61.0,1.7116,0.1196
101815,Perly-Certoux,2023-11-30,13.5,3.392,0.3691
101816,Perly-Certoux,2023-12-31,14.3,3.3729,0.3681
101817,Perly-Certoux,2024-01-31,19.3,3.3904,0.3707
101818,Perly-Certoux,2024-02-29,18.7,3.3952,0.3716
101819,Perly-Certoux,2024-03-31,11.4,3.3952,0.3662
101820,Perly-Certoux,2024-04-30,11.2,3.3181,0.3657
101821,Perly-Certoux,2024-05-31,13.8,3.3403,0.3685
101822,Perly-Certoux,2024-06-30,13.5,3.3432,0.3685
101823,Perly-Certoux,2024-07-31,13.8,3.3432,0.3685
101824,Perly-Certoux,2024-08-31,13.8,3.3592,0.3833
101825,Perly-Certoux,2024-09-30,13.8,3.4251,0.442
101826,Perly-Certoux,2024-10-31,13.8,3.4223,0.4423
101827,Perly-Certoux,2024-11-30,14.0,3.4361,0.4398
101828,Perly-Certoux,2024-12-31,14.8,3.4417,0.4401
101829,Perly-Certoux,2025-01-31,14.8,3.4235,0.4398
101830,Perly-Certoux,2025-02-28,13.5,3.0365,0.4439
101831,Perly-Certoux,2025-03-31,13.3,3.0066,0.4389
101864,Plan-les-Ouates,2023-11-30,15.2,11.249,0.5334
101865,Plan-les-Ouates,2023-12-31,15.5,11.2145,0.5334
101866,Plan-les-Ouates,2024-01-31,15.9,11.296,0.5382
101867,Plan-les-Ouates,2024-02-29,16.1,11.2934,0.5404
101868,Plan-les-Ouates,2024-03-31,11.2,11.2934,0.5347
101869,Plan-les-Ouates,2024-04-30,11.5,10.8552,0.5185
101870,Plan-les-Ouates,2024-05-31,11.6,10.8231,0.5306
101871,Plan-les-Ouates,2024-06-30,11.6,10.8159,0.5306
101872,Plan-les-Ouates,2024-07-31,11.9,10.8159,0.5306
101873,Plan-les-Ouates,2024-08-31,11.9,10.9638,0.5621
101874,Plan-les-Ouates,2024-09-30,12.2,10.4466,0.5829
101875,Plan-les-Ouates,2024-10-31,12.5,10.4136,0.5828
101876,Plan-les-Ouates,2024-11-30,12.5,10.428,0.5793
101877,Plan-les-Ouates,2024-12-31,12.2,10.452,0.5851
101878,Plan-les-Ouates,2025-01-31,6.4,10.4781,0.5865
101879,Plan-les-Ouates,2025-02-28,6.6,9.2861,0.5921
101880,Plan-les-Ouates,2025-03-31,6.3,9.0286,0.5722
101913,Pregny-Chambésy,2023-11-30,11.3,3.0887,0.2727
101914,Pregny-Chambésy,2023-12-31,8.4,3.0683,0.2735
101915,Pregny-Chambésy,2024-01-31,9.0,3.0845,0.2765
101916,Pregny-Chambésy,2024-02-29,9.1,3.0876,0.2781
101917,Pregny-Chambésy,2024-03-31,9.5,3.0876,0.2755
101918,Pregny-Chambésy,2024-04-30,10.1,2.9627,0.272
101919,Pregny-Chambésy,2024-05-31,10.4,2.9358,0.2804
101920,Pregny-Chambésy,2024-06-30,10.6,2.938,0.2804
101921,Pregny-Chambésy,2024-07-31,10.6,2.938,0.2804
101922,Pregny-Chambésy,2024-08-31,10.6,2.7938,0.3039
101923,Pregny-Chambésy,2024-09-30,12.7,3.0136,0.3162
101924,Pregny-Chambésy,2024-10-31,15.0,3.0243,0.314
101925,Pregny-Chambésy,2024-11-30,15.3,3.0307,0.3108
101926,Pregny-Chambésy,2024-12-31,11.4,3.0467,0.316
101927,Pregny-Chambésy,2025-01-31,11.4,3.0581,0.3172
101928,Pregny-Chambésy,2025-02-28,11.6,2.7093,0.3222
101929,Pregny-Chambésy,2025-03-31,12.0,2.6694,0.3178
101964,Presinge,2024-01-31,6.0,3.4076,0.1719
101965,Presinge,2024-02-29,6.0,3.4231,0.1719
101966,Presinge,2024-03-31,6.0,3.4231,0.1691
101967,Presinge,2024-04-30,6.0,3.1856,0.1829
101968,Presinge,2024-05-31,5.5,3.1308,0.1829
101969,Presinge,2024-06-30,5.5,3.0895,0.1829
101970,Presinge,2024-07-31,5.5,3.0895,0.1829
101971,Presinge,2024-08-31,5.5,3.0521,0.474
101972,Presinge,2024-09-30,6.0,3.0828,0.534
101973,Presinge,2024-10-31,6.5,3.2243,0.5794
101974,Presinge,2024-11-30,6.5,3.2163,0.5941
101975,Presinge,2024-12-31,6.5,3.1642,0.6075
101976,Presinge,2025-01-31,6.5,3.2296,0.6048
101977,Presinge,2025-02-28,6.0,2.8385,0.6168
101978,Presinge,2025-03-31,6.0,2.7947,0.6079
102011,Puplinge,2023-11-30,14.0,3.3712,0.0899
102012,Puplinge,2023-12-31,14.0,3.3497,0.0903
102013,Puplinge,2024-01-31,15.0,3.3314,0.0914
102014,Puplinge,2024-02-29,16.5,3.3255,0.0918
102015,Puplinge,2024-03-31,17.0,3.3255,0.0918
102016,Puplinge,2024-04-30,17.5,3.3169,0.0939
102017,Puplinge,2024-05-31,17.5,3.2962,0.0994
102018,Puplinge,2024-06-30,18.0,3.3138,0.0994
102019,Puplinge,2024-07-31,12.3,3.3138,0.0994
102020,Puplinge,2024-08-31,12.3,3.3928,0.1209
102021,Puplinge,2024-09-30,18.5,3.4092,0.1248
102022,Puplinge,2024-10-31,19.5,3.4045,0.1244
102023,Puplinge,2024-11-30,19.5,3.3983,0.1334
102024,Puplinge,2024-12-31,18.5,3.4573,0.1541
102025,Puplinge,2025-01-31,18.5,3.4741,0.1655
102026,Puplinge,2025-02-28,20.0,3.0885,0.1901
102027,Puplinge,2025-03-31,20.0,3.0524,0.1921
102060,Russin,2023-11-30,2.3,3.3734,786.4582
102061,Russin,2023-12-31,2.3,3.3734,816.8668
102062,Russin,2024-01-31,2.3,3.3908,839.2893
102063,Russin,2024-02-29,2.3,3.4043,854.4733
102064,Russin,2024-03-31,2.3,3.4043,885.8172
102065,Russin,2024-04-30,2.5,3.2096,857.5891
102066,Russin,2024-05-31,2.5,3.3183,881.0724
102067,Russin,2024-06-30,2.5,3.324,881.0724
102068,Russin,2024-07-31,2.5,3.324,881.0724
102069,Russin,2024-08-31,2.5,3.2396,933.0315
102070,Russin,2024-09-30,2.8,3.5396,936.3798
102071,Russin,2024-10-31,2.8,3.5433,935.7668
102072,Russin,2024-11-30,3.0,3.5564,964.0307
102073,Russin,2024-12-31,3.0,3.5377,938.0277
102074,Russin,2025-01-31,3.0,3.5564,923.9876
102075,Russin,2025-02-28,3.5,3.1609,914.6082
102076,Russin,2025-03-31,3.3,3.1423,902.1857
102109,Satigny,2023-11-30,8.5,22.258,2.798
102110,Satigny,2023-12-31,7.5,22.2102,2.7927
102111,Satigny,2024-01-31,8.0,22.2205,2.805
102112,Satigny,2024-02-29,6.6,22.2834,2.8065
102113,Satigny,2024-03-31,8.1,22.2834,2.825
102114,Satigny,2024-04-30,8.5,21.8755,2.795
102115,Satigny,2024-05-31,9.4,21.8207,2.8546
102116,Satigny,2024-06-30,10.0,21.8308,2.8546
102117,Satigny,2024-07-31,10.4,21.8308,2.8546
102118,Satigny,2024-08-31,10.4,21.8452,3.1413
102119,Satigny,2024-09-30,10.4,20.7666,3.3535
102120,Satigny,2024-10-31,6.3,20.7111,3.3365
102121,Satigny,2024-11-30,10.9,20.7801,3.3358
102122,Satigny,2024-12-31,11.1,20.8677,3.3284
102123,Satigny,2025-01-31,11.1,20.7913,3.35
102124,Satigny,2025-02-28,10.9,18.4631,3.4799
102125,Satigny,2025-03-31,10.7,18.2249,3.4212
102207,Thônex,2023-11-30,4.1,3.5152,0.254
102208,Thônex,2023-12-31,4.1,3.4979,0.2544
102209,Thônex,2024-01-31,5.0,3.5398,0.2568
102210,Thônex,2024-02-29,3.8,3.5533,0.258
102211,Thônex,2024-03-31,3.9,3.5533,0.2557
102212,Thônex,2024-04-30,4.8,3.1749,0.2404
102213,Thônex,2024-05-31,4.9,3.1793,0.251
102214,Thônex,2024-06-30,5.0,3.1825,0.251
102215,Thônex,2024-07-31,5.5,3.1825,0.251
102216,Thônex,2024-08-31,5.5,3.1543,0.263
102217,Thônex,2024-09-30,4.6,3.1569,0.2716
102218,Thônex,2024-10-31,4.6,3.1523,0.2918
102219,Thônex,2024-11-30,4.6,3.1621,0.2944
102220,Thônex,2024-12-31,4.3,3.1872,0.2991
102221,Thônex,2025-01-31,4.3,3.2178,0.3063
102222,Thônex,2025-02-28,4.4,2.8529,0.3103
102223,Thônex,2025-03-31,4.5,2.7695,0.2999
102257,Troinex,2023-12-31,32.5,2.968,0.2492
102258,Troinex,2024-01-31,34.5,2.9743,0.2555
102259,Troinex,2024-02-29,34.5,3.1075,0.2615
102260,Troinex,2024-03-31,35.0,3.1075,0.2705
102261,Troinex,2024-04-30,36.5,3.1495,0.28
102262,Troinex,2024-05-31,38.5,3.1314,0.3321
102263,Troinex,2024-06-30,39.0,3.1273,0.3321
102264,Troinex,2024-07-31,40.0,3.1273,0.3321
102265,Troinex,2024-08-31,40.0,3.0725,0.431
102266,Troinex,2024-09-30,41.5,3.2005,0.4616
102269,Troinex,2024-12-31,46.5,3.313,0.511
102270,Troinex,2025-01-31,46.5,3.3832,0.5125
102271,Troinex,2025-02-28,51.0,3.0193,0.5189
102272,Troinex,2025-03-31,51.0,2.9895,0.5153
102305,Vandoeuvres,2023-11-30,25.0,3.7733,0.1726
102306,Vandoeuvres,2023-12-31,24.8,3.7527,0.1733
102307,Vandoeuvres,2024-01-31,24.3,3.7428,0.1752
102308,Vandoeuvres,2024-02-29,24.8,3.7461,0.1762
102309,Vandoeuvres,2024-03-31,26.0,3.7461,0.1752
102310,Vandoeuvres,2024-04-30,26.0,3.7409,0.2083
102311,Vandoeuvres,2024-05-31,26.0,3.7267,0.2211
102312,Vandoeuvres,2024-06-30,26.0,3.7224,0.2211
102313,Vandoeuvres,2024-07-31,26.8,3.7224,0.2211
102314,Vandoeuvres,2024-08-31,26.8,3.4331,0.2307
102315,Vandoeuvres,2024-09-30,27.0,3.8559,0.2834
102316,Vandoeuvres,2024-10-31,28.3,3.8667,0.2857
102317,Vandoeuvres,2024-11-30,29.0,3.8793,0.3022
102318,Vandoeuvres,2024-12-31,29.8,3.8697,0.3114
102319,Vandoeuvres,2025-01-31,29.8,3.9086,0.3134
102320,Vandoeuvres,2025-02-28,29.8,3.4486,0.3213
102321,Vandoeuvres,2025-03-31,30.3,3.33,0.3106
102354,Vernier,2023-11-30,3.2,4.0451,0.257
102355,Vernier,2023-12-31,2.3,4.0289,0.2567
102356,Vernier,2024-01-31,3.0,4.2954,0.2588
102357,Vernier,2024-02-29,2.4,4.1632,0.2597
102358,Vernier,2024-03-31,2.5,4.1632,0.2564
102359,Vernier,2024-04-30,2.4,3.9582,0.3369
102360,Vernier,2024-05-31,2.7,3.9471,0.3402
102361,Vernier,2024-06-30,2.7,3.9456,0.3402
102362,Vernier,2024-07-31,2.8,3.9456,0.3402
102363,Vernier,2024-08-31,2.8,3.9402,0.3426
102364,Vernier,2024-09-30,2.7,3.8535,0.3571
102365,Vernier,2024-10-31,3.0,3.8596,0.3561
102366,Vernier,2024-11-30,3.0,3.8638,0.3565
102367,Vernier,2024-12-31,2.8,3.8734,0.3589
102368,Vernier,2025-01-31,2.8,3.8991,0.3564
102369,Vernier,2025-02-28,2.9,3.4615,0.3591
102370,Vernier,2025-03-31,2.8,3.4254,0.3525
102403,Versoix,2023-11-30,3.2,2.6213,0.1427
102404,Versoix,2023-12-31,3.3,2.6137,0.1427
102405,Versoix,2024-01-31,3.4,2.6259,0.1441
102406,Versoix,2024-02-29,3.4,2.6328,0.1447
102407,Versoix,2024-03-31,3.4,2.6328,0.1435
102408,Versoix,2024-04-30,3.4,2.6319,0.145
102409,Versoix,2024-05-31,3.5,2.6224,0.1506
102410,Versoix,2024-06-30,3.6,2.6228,0.1506
102411,Versoix,2024-07-31,4.9,2.6228,0.1506
102412,Versoix,2024-08-31,4.9,2.6487,0.1597
102413,Versoix,2024-09-30,4.6,2.7099,0.1662
102414,Versoix,2024-10-31,3.7,2.7047,0.1667
102415,Versoix,2024-11-30,3.8,2.712,0.1655
102416,Versoix,2024-12-31,3.9,2.7387,0.1667
102417,Versoix,2025-01-31,4.5,2.7633,0.1669
102418,Versoix,2025-02-28,4.5,2.448,0.1691
102419,Versoix,2025-03-31,4.2,2.4533,0.1683
102452,Veyrier,2023-11-30,42.6,2.5288,0.4412
102453,Veyrier,2023-12-31,36.8,2.5191,0.4503
102454,Veyrier,2024-01-31,39.3,2.5219,0.459
102455,Veyrier,2024-02-29,40.8,2.5269,0.4647
102456,Veyrier,2024-03-31,42.7,2.5269,0.472
102457,Veyrier,2024-04-30,43.3,2.5103,0.482
102458,Veyrier,2024-05-31,33.0,2.501,0.5088
102459,Veyrier,2024-06-30,33.1,2.4981,0.5088
102460,Veyrier,2024-07-31,26.8,2.4981,0.5088
102461,Veyrier,2024-08-31,26.8,2.4849,0.565
102462,Veyrier,2024-09-30,34.4,2.5416,0.5827
102463,Veyrier,2024-10-31,35.4,2.5388,0.5864
102464,Veyrier,2024-11-30,36.0,2.5447,0.5953
102465,Veyrier,2024-12-31,36.6,2.5535,0.5982
102466,Veyrier,2025-01-31,48.8,2.6138,0.5973
102467,Veyrier,2025-02-28,43.6,2.3159,0.6008
102468,Veyrier,2025-03-31,38.4,2.3037,0.5918
