,Commune,Année,Nombre_de_logements
0,Aire-la-Ville,2009,24.0
1,Aire-la-Ville,2010,24.0
2,Aire-la-Ville,2011,24.0
3,Aire-la-Ville,2012,24.0
4,Aire-la-Ville,2013,24.0
5,Aire-la-Ville,2014,24.0
6,Aire-la-Ville,2015,
7,Aire-la-Ville,2016,
8,Aire-la-Ville,2017,
9,Aire-la-Ville,2018,
10,Aire-la-Ville,2019,
11,Aire-la-Ville,2020,
12,Aire-la-Ville,2021,
13,Aire-la-Ville,2022,
14,Aire-la-Ville,2023,
15,Aire-la-Ville,2024,
16,Anières,2009,24.0
17,Anières,2010,24.0
18,Anières,2011,24.0
19,Anières,2012,24.0
20,Anières,2013,24.0
21,Anières,2014,24.0
22,Anières,2015,24.0
23,Anières,2016,24.0
24,Anières,2017,24.0
25,Anières,2018,24.0
26,Anières,2019,24.0
27,Anières,2020,24.0
28,Anières,2021,24.0
29,Anières,2022,24.0
30,Anières,2023,24.0
31,Anières,2024,24.0
32,Avully,2009,30.0
33,Avully,2010,30.0
34,Avully,2011,30.0
35,Avully,2012,30.0
36,Avully,2013,30.0
37,Avully,2014,30.0
38,Avully,2015,30.0
39,Avully,2016,30.0
40,Avully,2017,30.0
41,Avully,2018,15.0
42,Avully,2019,15.0
43,Avully,2020,15.0
44,Avully,2021,15.0
45,Avully,2022,15.0
46,Avully,2023,
47,Avully,2024,
48,Avusy,2009,16.0
49,Avusy,2010,16.0
50,Avusy,2011,16.0
51,Avusy,2012,16.0
52,Avusy,2013,16.0
53,Avusy,2014,
54,Avusy,2015,
55,Avusy,2016,
56,Avusy,2017,
57,Avusy,2018,
58,Avusy,2019,
59,Avusy,2020,
60,Avusy,2021,
61,Avusy,2022,
62,Avusy,2023,
63,Avusy,2024,
64,Bardonnex,2009,37.0
65,Bardonnex,2010,37.0
66,Bardonnex,2011,37.0
67,Bardonnex,2012,37.0
68,Bardonnex,2013,21.0
69,Bardonnex,2014,21.0
70,Bardonnex,2015,21.0
71,Bardonnex,2016,21.0
72,Bardonnex,2017,43.0
73,Bardonnex,2018,43.0
74,Bardonnex,2019,43.0
75,Bardonnex,2020,79.0
76,Bardonnex,2021,98.0
77,Bardonnex,2022,98.0
78,Bardonnex,2023,98.0
79,Bardonnex,2024,98.0
80,Bellevue,2009,222.0
81,Bellevue,2010,222.0
82,Bellevue,2011,222.0
83,Bellevue,2012,222.0
84,Bellevue,2013,221.0
85,Bellevue,2014,221.0
86,Bellevue,2015,221.0
87,Bellevue,2016,221.0
88,Bellevue,2017,221.0
89,Bellevue,2018,221.0
90,Bellevue,2019,222.0
91,Bellevue,2020,242.0
92,Bellevue,2021,400.0
93,Bellevue,2022,400.0
94,Bellevue,2023,350.0
95,Bellevue,2024,350.0
96,Bernex,2009,228.0
97,Bernex,2010,228.0
98,Bernex,2011,228.0
99,Bernex,2012,242.0
100,Bernex,2013,211.0
101,Bernex,2014,203.0
102,Bernex,2015,195.0
103,Bernex,2016,196.0
104,Bernex,2017,196.0
105,Bernex,2018,196.0
106,Bernex,2019,196.0
107,Bernex,2020,196.0
108,Bernex,2021,196.0
109,Bernex,2022,196.0
110,Bernex,2023,295.0
111,Bernex,2024,295.0
112,Carouge,2009,1593.0
113,Carouge,2010,1674.0
114,Carouge,2011,1679.0
115,Carouge,2012,1555.0
116,Carouge,2013,1340.0
117,Carouge,2014,1470.0
118,Carouge,2015,1369.0
119,Carouge,2016,1314.0
120,Carouge,2017,1382.0
121,Carouge,2018,1566.0
122,Carouge,2019,1489.0
123,Carouge,2020,1501.0
124,Carouge,2021,1501.0
125,Carouge,2022,1457.0
126,Carouge,2023,1415.0
127,Carouge,2024,1548.0
128,Cartigny,2009,
129,Cartigny,2010,
130,Cartigny,2011,
131,Cartigny,2012,
132,Cartigny,2013,
133,Cartigny,2014,
134,Cartigny,2015,
135,Cartigny,2016,
136,Cartigny,2017,
137,Cartigny,2018,
138,Cartigny,2019,
139,Cartigny,2020,
140,Cartigny,2021,
141,Cartigny,2022,
142,Cartigny,2023,
143,Cartigny,2024,
144,Chancy,2009,36.0
145,Chancy,2010,36.0
146,Chancy,2011,36.0
147,Chancy,2012,36.0
148,Chancy,2013,80.0
149,Chancy,2014,98.0
150,Chancy,2015,98.0
151,Chancy,2016,99.0
152,Chancy,2017,99.0
153,Chancy,2018,99.0
154,Chancy,2019,99.0
155,Chancy,2020,99.0
156,Chancy,2021,99.0
157,Chancy,2022,99.0
158,Chancy,2023,99.0
159,Chancy,2024,99.0
160,Choulex,2009,
161,Choulex,2010,
162,Choulex,2011,
163,Choulex,2012,
164,Choulex,2013,
165,Choulex,2014,
166,Choulex,2015,
167,Choulex,2016,
168,Choulex,2017,
169,Choulex,2018,
170,Choulex,2019,
171,Choulex,2020,
172,Choulex,2021,
173,Choulex,2022,
174,Choulex,2023,
175,Choulex,2024,
176,Chêne-Bougeries,2009,260.0
177,Chêne-Bougeries,2010,246.0
178,Chêne-Bougeries,2011,246.0
179,Chêne-Bougeries,2012,288.0
180,Chêne-Bougeries,2013,224.0
181,Chêne-Bougeries,2014,242.0
182,Chêne-Bougeries,2015,246.0
183,Chêne-Bougeries,2016,242.0
184,Chêne-Bougeries,2017,320.0
185,Chêne-Bougeries,2018,365.0
186,Chêne-Bougeries,2019,347.0
187,Chêne-Bougeries,2020,363.0
188,Chêne-Bougeries,2021,363.0
189,Chêne-Bougeries,2022,363.0
190,Chêne-Bougeries,2023,366.0
191,Chêne-Bougeries,2024,425.0
192,Chêne-Bourg,2009,489.0
193,Chêne-Bourg,2010,438.0
194,Chêne-Bourg,2011,438.0
195,Chêne-Bourg,2012,434.0
196,Chêne-Bourg,2013,431.0
197,Chêne-Bourg,2014,433.0
198,Chêne-Bourg,2015,499.0
199,Chêne-Bourg,2016,500.0
200,Chêne-Bourg,2017,470.0
201,Chêne-Bourg,2018,448.0
202,Chêne-Bourg,2019,378.0
203,Chêne-Bourg,2020,366.0
204,Chêne-Bourg,2021,430.0
205,Chêne-Bourg,2022,437.0
206,Chêne-Bourg,2023,502.0
207,Chêne-Bourg,2024,451.0
208,Collex-Bossy,2009,52.0
209,Collex-Bossy,2010,52.0
210,Collex-Bossy,2011,52.0
211,Collex-Bossy,2012,52.0
212,Collex-Bossy,2013,52.0
213,Collex-Bossy,2014,52.0
214,Collex-Bossy,2015,52.0
215,Collex-Bossy,2016,52.0
216,Collex-Bossy,2017,26.0
217,Collex-Bossy,2018,26.0
218,Collex-Bossy,2019,26.0
219,Collex-Bossy,2020,26.0
220,Collex-Bossy,2021,26.0
221,Collex-Bossy,2022,26.0
222,Collex-Bossy,2023,26.0
223,Collex-Bossy,2024,26.0
224,Collonge-Bellerive,2009,180.0
225,Collonge-Bellerive,2010,180.0
226,Collonge-Bellerive,2011,180.0
227,Collonge-Bellerive,2012,180.0
228,Collonge-Bellerive,2013,173.0
229,Collonge-Bellerive,2014,163.0
230,Collonge-Bellerive,2015,185.0
231,Collonge-Bellerive,2016,185.0
232,Collonge-Bellerive,2017,166.0
233,Collonge-Bellerive,2018,166.0
234,Collonge-Bellerive,2019,166.0
235,Collonge-Bellerive,2020,166.0
236,Collonge-Bellerive,2021,166.0
237,Collonge-Bellerive,2022,158.0
238,Collonge-Bellerive,2023,158.0
239,Collonge-Bellerive,2024,114.0
240,Cologny,2009,
241,Cologny,2010,
242,Cologny,2011,3.0
243,Cologny,2012,3.0
244,Cologny,2013,37.0
245,Cologny,2014,142.0
246,Cologny,2015,142.0
247,Cologny,2016,142.0
248,Cologny,2017,142.0
249,Cologny,2018,142.0
250,Cologny,2019,181.0
251,Cologny,2020,181.0
252,Cologny,2021,181.0
253,Cologny,2022,181.0
254,Cologny,2023,181.0
255,Cologny,2024,181.0
256,Confignon,2009,209.0
257,Confignon,2010,234.0
258,Confignon,2011,246.0
259,Confignon,2012,246.0
260,Confignon,2013,337.0
261,Confignon,2014,337.0
262,Confignon,2015,355.0
263,Confignon,2016,331.0
264,Confignon,2017,339.0
265,Confignon,2018,339.0
266,Confignon,2019,339.0
267,Confignon,2020,339.0
268,Confignon,2021,339.0
269,Confignon,2022,339.0
270,Confignon,2023,339.0
271,Confignon,2024,339.0
272,Corsier,2009,
273,Corsier,2010,
274,Corsier,2011,
275,Corsier,2012,
276,Corsier,2013,
277,Corsier,2014,
278,Corsier,2015,
279,Corsier,2016,
280,Corsier,2017,
281,Corsier,2018,
282,Corsier,2019,
283,Corsier,2020,
284,Corsier,2021,
285,Corsier,2022,
286,Corsier,2023,
287,Corsier,2024,
288,Céligny,2009,
289,Céligny,2010,
290,Céligny,2011,
291,Céligny,2012,
292,Céligny,2013,
293,Céligny,2014,
294,Céligny,2015,
295,Céligny,2016,28.0
296,Céligny,2017,28.0
297,Céligny,2018,28.0
298,Céligny,2019,28.0
299,Céligny,2020,28.0
300,Céligny,2021,28.0
301,Céligny,2022,28.0
302,Céligny,2023,28.0
303,Céligny,2024,28.0
304,Dardagny,2009,80.0
305,Dardagny,2010,80.0
306,Dardagny,2011,80.0
307,Dardagny,2012,42.0
308,Dardagny,2013,
309,Dardagny,2014,
310,Dardagny,2015,
311,Dardagny,2016,31.0
312,Dardagny,2017,31.0
313,Dardagny,2018,31.0
314,Dardagny,2019,31.0
315,Dardagny,2020,31.0
316,Dardagny,2021,31.0
317,Dardagny,2022,31.0
318,Dardagny,2023,31.0
319,Dardagny,2024,31.0
320,Genthod,2009,54.0
321,Genthod,2010,54.0
322,Genthod,2011,54.0
323,Genthod,2012,54.0
324,Genthod,2013,
325,Genthod,2014,
326,Genthod,2015,
327,Genthod,2016,
328,Genthod,2017,
329,Genthod,2018,
330,Genthod,2019,
331,Genthod,2020,
332,Genthod,2021,
333,Genthod,2022,
334,Genthod,2023,
335,Genthod,2024,
336,Genève,2009,6433.0
337,Genève,2010,6908.0
338,Genève,2011,6764.0
339,Genève,2012,6633.0
340,Genève,2013,5922.0
341,Genève,2014,5616.0
342,Genève,2015,5785.0
343,Genève,2016,5610.0
344,Genève,2017,5704.0
345,Genève,2018,5634.0
346,Genève,2019,5853.0
347,Genève,2020,5849.0
348,Genève,2021,6252.0
349,Genève,2022,6305.0
350,Genève,2023,6535.0
351,Genève,2024,6859.0
352,Grand-Saconnex,2009,778.0
353,Grand-Saconnex,2010,672.0
354,Grand-Saconnex,2011,823.0
355,Grand-Saconnex,2012,823.0
356,Grand-Saconnex,2013,829.0
357,Grand-Saconnex,2014,830.0
358,Grand-Saconnex,2015,805.0
359,Grand-Saconnex,2016,806.0
360,Grand-Saconnex,2017,644.0
361,Grand-Saconnex,2018,686.0
362,Grand-Saconnex,2019,686.0
363,Grand-Saconnex,2020,686.0
364,Grand-Saconnex,2021,632.0
365,Grand-Saconnex,2022,632.0
366,Grand-Saconnex,2023,632.0
367,Grand-Saconnex,2024,632.0
368,Gy,2009,
369,Gy,2010,
370,Gy,2011,
371,Gy,2012,
372,Gy,2013,
373,Gy,2014,
374,Gy,2015,
375,Gy,2016,
376,Gy,2017,
377,Gy,2018,
378,Gy,2019,
379,Gy,2020,
380,Gy,2021,
381,Gy,2022,
382,Gy,2023,
383,Gy,2024,
384,Hermance,2009,4.0
385,Hermance,2010,4.0
386,Hermance,2011,4.0
387,Hermance,2012,4.0
388,Hermance,2013,
389,Hermance,2014,
390,Hermance,2015,
391,Hermance,2016,
392,Hermance,2017,
393,Hermance,2018,
394,Hermance,2019,
395,Hermance,2020,
396,Hermance,2021,
397,Hermance,2022,
398,Hermance,2023,
399,Hermance,2024,
400,Jussy,2009,14.0
401,Jussy,2010,14.0
402,Jussy,2011,14.0
403,Jussy,2012,14.0
404,Jussy,2013,14.0
405,Jussy,2014,
406,Jussy,2015,
407,Jussy,2016,
408,Jussy,2017,
409,Jussy,2018,
410,Jussy,2019,
411,Jussy,2020,
412,Jussy,2021,
413,Jussy,2022,
414,Jussy,2023,
415,Jussy,2024,
416,Laconnex,2009,
417,Laconnex,2010,
418,Laconnex,2011,
419,Laconnex,2012,
420,Laconnex,2013,
421,Laconnex,2014,
422,Laconnex,2015,
423,Laconnex,2016,
424,Laconnex,2017,
425,Laconnex,2018,
426,Laconnex,2019,
427,Laconnex,2020,
428,Laconnex,2021,
429,Laconnex,2022,
430,Laconnex,2023,
431,Laconnex,2024,
432,Lancy,2009,1508.0
433,Lancy,2010,1528.0
434,Lancy,2011,1445.0
435,Lancy,2012,1502.0
436,Lancy,2013,1651.0
437,Lancy,2014,1839.0
438,Lancy,2015,1687.0
439,Lancy,2016,1512.0
440,Lancy,2017,1635.0
441,Lancy,2018,1615.0
442,Lancy,2019,1661.0
443,Lancy,2020,2001.0
444,Lancy,2021,2169.0
445,Lancy,2022,2294.0
446,Lancy,2023,2484.0
447,Lancy,2024,2484.0
448,Meinier,2009,24.0
449,Meinier,2010,24.0
450,Meinier,2011,24.0
451,Meinier,2012,62.0
452,Meinier,2013,44.0
453,Meinier,2014,44.0
454,Meinier,2015,44.0
455,Meinier,2016,44.0
456,Meinier,2017,44.0
457,Meinier,2018,38.0
458,Meinier,2019,38.0
459,Meinier,2020,38.0
460,Meinier,2021,38.0
461,Meinier,2022,38.0
462,Meinier,2023,38.0
463,Meinier,2024,38.0
464,Meyrin,2009,494.0
465,Meyrin,2010,470.0
466,Meyrin,2011,470.0
467,Meyrin,2012,448.0
468,Meyrin,2013,448.0
469,Meyrin,2014,420.0
470,Meyrin,2015,507.0
471,Meyrin,2016,614.0
472,Meyrin,2017,767.0
473,Meyrin,2018,1100.0
474,Meyrin,2019,1212.0
475,Meyrin,2020,1333.0
476,Meyrin,2021,1411.0
477,Meyrin,2022,1379.0
478,Meyrin,2023,1399.0
479,Meyrin,2024,1400.0
720,Moyenne,2009,546.8611111111111
721,Moyenne,2010,539.3055555555555
722,Moyenne,2011,519.7027027027027
723,Moyenne,2012,515.6756756756756
724,Moyenne,2013,558.2121212121212
725,Moyenne,2014,618.5333333333333
726,Moyenne,2015,660.0714285714286
727,Moyenne,2016,584.0645161290323
728,Moyenne,2017,566.28125
729,Moyenne,2018,581.65625
730,Moyenne,2019,592.125
731,Moyenne,2020,614.15625
732,Moyenne,2021,658.40625
733,Moyenne,2022,660.40625
734,Moyenne,2023,704.8387096774194
735,Moyenne,2024,737.6
480,Onex,2009,1161.0
481,Onex,2010,1061.0
482,Onex,2011,982.0
483,Onex,2012,894.0
484,Onex,2013,979.0
485,Onex,2014,987.0
486,Onex,2015,953.0
487,Onex,2016,954.0
488,Onex,2017,954.0
489,Onex,2018,954.0
490,Onex,2019,929.0
491,Onex,2020,940.0
492,Onex,2021,948.0
493,Onex,2022,948.0
494,Onex,2023,1016.0
495,Onex,2024,969.0
496,Perly-Certoux,2009,105.0
497,Perly-Certoux,2010,73.0
498,Perly-Certoux,2011,73.0
499,Perly-Certoux,2012,73.0
500,Perly-Certoux,2013,62.0
501,Perly-Certoux,2014,62.0
502,Perly-Certoux,2015,62.0
503,Perly-Certoux,2016,62.0
504,Perly-Certoux,2017,85.0
505,Perly-Certoux,2018,85.0
506,Perly-Certoux,2019,85.0
507,Perly-Certoux,2020,102.0
508,Perly-Certoux,2021,102.0
509,Perly-Certoux,2022,102.0
510,Perly-Certoux,2023,102.0
511,Perly-Certoux,2024,118.0
512,Plan-les-Ouates,2009,571.0
513,Plan-les-Ouates,2010,432.0
514,Plan-les-Ouates,2011,473.0
515,Plan-les-Ouates,2012,488.0
516,Plan-les-Ouates,2013,620.0
517,Plan-les-Ouates,2014,619.0
518,Plan-les-Ouates,2015,620.0
519,Plan-les-Ouates,2016,517.0
520,Plan-les-Ouates,2017,517.0
521,Plan-les-Ouates,2018,517.0
522,Plan-les-Ouates,2019,517.0
523,Plan-les-Ouates,2020,732.0
524,Plan-les-Ouates,2021,689.0
525,Plan-les-Ouates,2022,691.0
526,Plan-les-Ouates,2023,655.0
527,Plan-les-Ouates,2024,590.0
528,Pregny-Chambésy,2009,23.0
529,Pregny-Chambésy,2010,23.0
530,Pregny-Chambésy,2011,23.0
531,Pregny-Chambésy,2012,23.0
532,Pregny-Chambésy,2013,12.0
533,Pregny-Chambésy,2014,
534,Pregny-Chambésy,2015,
535,Pregny-Chambésy,2016,
536,Pregny-Chambésy,2017,
537,Pregny-Chambésy,2018,
538,Pregny-Chambésy,2019,
539,Pregny-Chambésy,2020,
540,Pregny-Chambésy,2021,
541,Pregny-Chambésy,2022,
542,Pregny-Chambésy,2023,
543,Pregny-Chambésy,2024,
544,Presinge,2009,18.0
545,Presinge,2010,18.0
546,Presinge,2011,18.0
547,Presinge,2012,18.0
548,Presinge,2013,18.0
549,Presinge,2014,18.0
550,Presinge,2015,
551,Presinge,2016,
552,Presinge,2017,
553,Presinge,2018,
554,Presinge,2019,
555,Presinge,2020,
556,Presinge,2021,
557,Presinge,2022,
558,Presinge,2023,
559,Presinge,2024,
560,Puplinge,2009,
561,Puplinge,2010,
562,Puplinge,2011,
563,Puplinge,2012,
564,Puplinge,2013,
565,Puplinge,2014,
566,Puplinge,2015,
567,Puplinge,2016,112.0
568,Puplinge,2017,112.0
569,Puplinge,2018,112.0
570,Puplinge,2019,112.0
571,Puplinge,2020,112.0
572,Puplinge,2021,112.0
573,Puplinge,2022,126.0
574,Puplinge,2023,126.0
575,Puplinge,2024,126.0
576,Russin,2009,14.0
577,Russin,2010,14.0
578,Russin,2011,14.0
579,Russin,2012,14.0
580,Russin,2013,14.0
581,Russin,2014,14.0
582,Russin,2015,14.0
583,Russin,2016,14.0
584,Russin,2017,14.0
585,Russin,2018,14.0
586,Russin,2019,14.0
587,Russin,2020,14.0
588,Russin,2021,14.0
589,Russin,2022,14.0
590,Russin,2023,13.0
591,Russin,2024,
592,Satigny,2009,65.0
593,Satigny,2010,97.0
594,Satigny,2011,97.0
595,Satigny,2012,97.0
596,Satigny,2013,125.0
597,Satigny,2014,124.0
598,Satigny,2015,125.0
599,Satigny,2016,125.0
600,Satigny,2017,125.0
601,Satigny,2018,125.0
602,Satigny,2019,161.0
603,Satigny,2020,161.0
604,Satigny,2021,161.0
605,Satigny,2022,173.0
606,Satigny,2023,173.0
607,Satigny,2024,147.0
608,Soral,2009,12.0
609,Soral,2010,12.0
610,Soral,2011,12.0
611,Soral,2012,12.0
612,Soral,2013,
613,Soral,2014,
614,Soral,2015,
615,Soral,2016,
616,Soral,2017,8.0
617,Soral,2018,8.0
618,Soral,2019,8.0
619,Soral,2020,8.0
620,Soral,2021,8.0
621,Soral,2022,8.0
622,Soral,2023,8.0
623,Soral,2024,8.0
624,Thônex,2009,991.0
625,Thônex,2010,629.0
626,Thônex,2011,629.0
627,Thônex,2012,542.0
628,Thônex,2013,711.0
629,Thônex,2014,723.0
630,Thônex,2015,722.0
631,Thônex,2016,735.0
632,Thônex,2017,705.0
633,Thônex,2018,705.0
634,Thônex,2019,713.0
635,Thônex,2020,712.0
636,Thônex,2021,976.0
637,Thônex,2022,911.0
638,Thônex,2023,911.0
639,Thônex,2024,979.0
640,Troinex,2009,106.0
641,Troinex,2010,106.0
642,Troinex,2011,106.0
643,Troinex,2012,106.0
644,Troinex,2013,106.0
645,Troinex,2014,106.0
646,Troinex,2015,106.0
647,Troinex,2016,106.0
648,Troinex,2017,72.0
649,Troinex,2018,72.0
650,Troinex,2019,71.0
651,Troinex,2020,71.0
652,Troinex,2021,71.0
653,Troinex,2022,71.0
654,Troinex,2023,71.0
655,Troinex,2024,88.0
656,Vandoeuvres,2009,
657,Vandoeuvres,2010,
658,Vandoeuvres,2011,
659,Vandoeuvres,2012,
660,Vandoeuvres,2013,
661,Vandoeuvres,2014,
662,Vandoeuvres,2015,
663,Vandoeuvres,2016,
664,Vandoeuvres,2017,
665,Vandoeuvres,2018,
666,Vandoeuvres,2019,
667,Vandoeuvres,2020,
668,Vandoeuvres,2021,
669,Vandoeuvres,2022,
670,Vandoeuvres,2023,
671,Vandoeuvres,2024,
672,Vernier,2009,2708.0
673,Vernier,2010,2680.0
674,Vernier,2011,2659.0
675,Vernier,2012,2829.0
676,Vernier,2013,2732.0
677,Vernier,2014,2782.0
678,Vernier,2015,2722.0
679,Vernier,2016,2586.0
680,Vernier,2017,2371.0
681,Vernier,2018,2374.0
682,Vernier,2019,2431.0
683,Vernier,2020,2365.0
684,Vernier,2021,2716.0
685,Vernier,2022,2716.0
686,Vernier,2023,2880.0
687,Vernier,2024,2786.0
688,Versoix,2009,1014.0
689,Versoix,2010,965.0
690,Versoix,2011,894.0
691,Versoix,2012,894.0
692,Versoix,2013,833.0
693,Versoix,2014,832.0
694,Versoix,2015,813.0
695,Versoix,2016,813.0
696,Versoix,2017,767.0
697,Versoix,2018,785.0
698,Versoix,2019,786.0
699,Versoix,2020,786.0
700,Versoix,2021,786.0
701,Versoix,2022,786.0
702,Versoix,2023,808.0
703,Versoix,2024,808.0
704,Veyrier,2009,110.0
705,Veyrier,2010,110.0
706,Veyrier,2011,110.0
707,Veyrier,2012,119.0
708,Veyrier,2013,80.0
709,Veyrier,2014,80.0
710,Veyrier,2015,80.0
711,Veyrier,2016,80.0
712,Veyrier,2017,80.0
713,Veyrier,2018,80.0
714,Veyrier,2019,87.0
715,Veyrier,2020,87.0
716,Veyrier,2021,87.0
717,Veyrier,2022,87.0
718,Veyrier,2023,87.0
719,Veyrier,2024,87.0
