,Commune,Année,prix_m2_marche_libre_Mediane
0,Autres communes de l'Est du canton,2011,7791.0
1,Autres communes de l'Est du canton,2012,9830.0
2,Autres communes de l'Est du canton,2013,7257.0
3,Autres communes de l'Est du canton,2014,6941.0
4,Autres communes de l'Est du canton,2015,6604.0
5,Autres communes de l'Est du canton,2016,7904.0
6,Autres communes de l'Est du canton,2017,7379.0
7,Autres communes de l'Est du canton,2018,6923.0
8,Autres communes de l'Est du canton,2019,8359.0
9,Autres communes de l'Est du canton,2020,8519.0
10,Autres communes de l'Est du canton,2021,8902.0
11,Autres communes de l'Est du canton,2022,8257.0
12,Autres communes de l'Est du canton,2023,8679.0
13,Autres communes de l'Ouest du canton,2011,6780.0
14,Autres communes de l'Ouest du canton,2012,6774.0
15,Autres communes de l'Ouest du canton,2013,6835.0
16,Autres communes de l'Ouest du canton,2014,6790.0
17,Autres communes de l'Ouest du canton,2015,7467.0
18,Autres communes de l'Ouest du canton,2016,5774.0
19,Autres communes de l'Ouest du canton,2017,6306.0
20,Autres communes de l'Ouest du canton,2018,6913.0
21,Autres communes de l'Ouest du canton,2019,6888.0
22,Autres communes de l'Ouest du canton,2020,7257.0
23,Autres communes de l'Ouest du canton,2021,6866.0
24,Autres communes de l'Ouest du canton,2022,7665.0
25,Autres communes de l'Ouest du canton,2023,9271.0
26,Autres communes de la rive gauche du lac,2011,9437.0
27,Autres communes de la rive gauche du lac,2012,9932.0
28,Autres communes de la rive gauche du lac,2013,9906.0
29,Autres communes de la rive gauche du lac,2014,10831.0
30,Autres communes de la rive gauche du lac,2015,7739.0
31,Autres communes de la rive gauche du lac,2016,10727.0
32,Autres communes de la rive gauche du lac,2017,9060.0
33,Autres communes de la rive gauche du lac,2018,8657.0
34,Autres communes de la rive gauche du lac,2019,10085.0
35,Autres communes de la rive gauche du lac,2020,9926.0
36,Autres communes de la rive gauche du lac,2021,9805.0
37,Autres communes de la rive gauche du lac,2022,11128.0
38,Autres communes de la rive gauche du lac,2023,11965.0
39,Autres communes du Nord du canton / rive droite du lac,2012,
40,Autres communes du Nord du canton / rive droite du lac,2013,8314.0
41,Autres communes du Nord du canton / rive droite du lac,2014,7215.0
42,Autres communes du Nord du canton / rive droite du lac,2015,
43,Autres communes du Nord du canton / rive droite du lac,2016,6943.0
44,Autres communes du Nord du canton / rive droite du lac,2017,8346.0
45,Autres communes du Nord du canton / rive droite du lac,2018,8131.0
46,Autres communes du Nord du canton / rive droite du lac,2019,8589.0
47,Autres communes du Nord du canton / rive droite du lac,2021,10396.0
48,Autres communes du Nord du canton / rive droite du lac,2022,9412.0
49,Autres communes du Nord du canton / rive droite du lac,2023,10833.0
50,Autres communes du Nord du canton / rive droite du lac ,2011,7876.0
51,Autres communes du Nord du canton / rive droite du lac ,2020,9051.0
52,Autres communes du Sud du canton,2012,6976.0
53,Autres communes du Sud du canton,2013,8548.0
54,Autres communes du Sud du canton,2014,7857.0
55,Autres communes du Sud du canton,2015,7450.0
56,Autres communes du Sud du canton,2016,7565.0
57,Autres communes du Sud du canton,2017,7102.0
58,Autres communes du Sud du canton,2018,7808.0
59,Autres communes du Sud du canton,2019,7895.0
60,Autres communes du Sud du canton,2020,7782.0
61,Autres communes du Sud du canton,2021,8889.0
62,Autres communes du Sud du canton,2022,8797.0
63,Autres communes du Sud du canton,2023,9628.0
64,Autres communes du Sud du canton ,2011,7779.0
65,Bernex,2011,7761.0
66,Bernex,2012,7827.0
67,Bernex,2013,8250.0
68,Bernex,2014,7692.0
69,Bernex,2015,7913.0
70,Bernex,2016,7878.0
71,Bernex,2017,6944.0
72,Bernex,2018,7059.0
73,Bernex,2019,7839.0
74,Bernex,2020,7904.0
75,Bernex,2021,8027.0
76,Bernex,2022,9008.0
77,Bernex,2023,5596.0
78,Carouge,2011,6601.0
79,Carouge,2012,10935.0
80,Carouge,2013,9669.0
81,Carouge,2014,6551.0
82,Carouge,2015,7943.0
83,Carouge,2016,6514.0
84,Carouge,2017,6627.0
85,Carouge,2018,6232.0
86,Carouge,2019,9360.0
87,Carouge,2020,9449.0
88,Carouge,2021,8842.0
89,Carouge,2022,10302.0
90,Carouge,2023,10734.0
91,Chêne-Bougeries,2011,10117.0
92,Chêne-Bougeries,2012,7428.0
93,Chêne-Bougeries,2013,9322.0
94,Chêne-Bougeries,2014,8661.0
95,Chêne-Bougeries,2015,10505.0
96,Chêne-Bougeries,2016,5889.0
97,Chêne-Bougeries,2017,8402.0
98,Chêne-Bougeries,2018,8988.0
99,Chêne-Bougeries,2019,10330.0
100,Chêne-Bougeries,2020,11053.0
101,Chêne-Bougeries,2021,11908.0
102,Chêne-Bougeries,2022,12702.0
103,Chêne-Bougeries,2023,8176.0
104,Cologny,2011,11628.0
105,Cologny,2012,12847.0
106,Cologny,2013,12393.0
107,Cologny,2014,7225.0
108,Cologny,2015,8307.0
109,Cologny,2016,10223.0
110,Cologny,2017,10427.0
111,Cologny,2018,10506.0
112,Cologny,2019,10130.0
113,Cologny,2020,11248.0
114,Cologny,2021,11686.0
115,Cologny,2022,12368.0
116,Cologny,2023,12777.0
117,Genève ,2011,10414.0
118,Genève ,2012,10538.0
119,Genève ,2013,10911.0
120,Genève ,2014,10724.0
121,Genève ,2015,9619.0
122,Genève ,2016,10372.0
123,Genève ,2017,10791.0
124,Genève ,2018,10000.0
125,Genève ,2019,10010.0
126,Genève ,2020,10663.0
127,Genève ,2021,11909.0
128,Genève ,2022,12559.0
129,Genève ,2023,12158.0
130,Grand-Saconnex,2011,8649.0
131,Grand-Saconnex,2012,9381.0
132,Grand-Saconnex,2013,9028.0
133,Grand-Saconnex,2014,10208.0
134,Grand-Saconnex,2015,8962.0
135,Grand-Saconnex,2016,7753.0
136,Grand-Saconnex,2017,9640.0
137,Grand-Saconnex,2018,9109.0
138,Grand-Saconnex,2019,9254.0
139,Grand-Saconnex,2020,9856.0
140,Grand-Saconnex,2021,10370.0
141,Grand-Saconnex,2022,10554.0
142,Grand-Saconnex,2023,10295.0
143,Lancy,2011,7986.0
144,Lancy,2012,6176.0
145,Lancy,2013,6455.0
146,Lancy,2014,6675.0
147,Lancy,2015,6407.0
148,Lancy,2016,6098.0
149,Lancy,2017,7076.0
150,Lancy,2018,7237.0
151,Lancy,2019,8312.0
152,Lancy,2020,8267.0
153,Lancy,2021,9042.0
154,Lancy,2022,9039.0
155,Lancy,2023,7928.0
156,Meyrin,2011,6945.0
157,Meyrin,2012,7407.0
158,Meyrin,2013,6250.0
159,Meyrin,2014,7369.0
160,Meyrin,2015,7802.0
161,Meyrin,2016,6035.0
162,Meyrin,2017,5592.0
163,Meyrin,2018,6505.0
164,Meyrin,2019,7415.0
165,Meyrin,2020,7859.0
166,Meyrin,2021,7708.0
167,Meyrin,2022,7531.0
168,Meyrin,2023,8187.0
234,Moyenne,2011,8058.944444444444
235,Moyenne,2012,8585.0
236,Moyenne,2013,8465.277777777777
237,Moyenne,2014,7913.333333333333
238,Moyenne,2015,7953.529411764706
239,Moyenne,2016,7582.0
240,Moyenne,2017,7815.722222222223
241,Moyenne,2018,7919.5
242,Moyenne,2019,8621.111111111111
243,Moyenne,2020,8846.777777777777
244,Moyenne,2021,9087.666666666666
245,Moyenne,2022,9580.666666666666
246,Moyenne,2023,9443.888888888889
169,Plan-les-Ouates,2011,6852.0
170,Plan-les-Ouates,2012,9503.0
171,Plan-les-Ouates,2013,8264.0
172,Plan-les-Ouates,2014,8139.0
173,Plan-les-Ouates,2015,6399.0
174,Plan-les-Ouates,2016,7900.0
175,Plan-les-Ouates,2017,8166.0
176,Plan-les-Ouates,2018,7833.0
177,Plan-les-Ouates,2019,9103.0
178,Plan-les-Ouates,2020,8575.0
179,Plan-les-Ouates,2021,5469.0
180,Plan-les-Ouates,2022,9597.0
181,Plan-les-Ouates,2023,9376.0
182,Thônex,2011,7344.0
183,Thônex,2012,6378.0
184,Thônex,2013,8091.0
185,Thônex,2014,7715.0
186,Thônex,2015,7611.0
187,Thônex,2016,7246.0
188,Thônex,2017,7017.0
189,Thônex,2018,7642.0
190,Thônex,2019,7186.0
191,Thônex,2020,7211.0
192,Thônex,2021,7376.0
193,Thônex,2022,7040.0
194,Thônex,2023,8673.0
195,Vernier,2011,6116.0
196,Vernier,2012,6379.0
197,Vernier,2013,6531.0
198,Vernier,2014,5684.0
199,Vernier,2015,8144.0
200,Vernier,2016,6087.0
201,Vernier,2017,6250.0
202,Vernier,2018,7780.0
203,Vernier,2019,7240.0
204,Vernier,2020,7197.0
205,Vernier,2021,7263.0
206,Vernier,2022,6874.0
207,Vernier,2023,6585.0
208,Versoix,2011,7154.0
209,Versoix,2012,7457.0
210,Versoix,2013,7116.0
211,Versoix,2014,7576.0
212,Versoix,2015,7579.0
213,Versoix,2016,7252.0
214,Versoix,2017,7446.0
215,Versoix,2018,6757.0
216,Versoix,2019,7795.0
217,Versoix,2020,8618.0
218,Versoix,2021,8462.0
219,Versoix,2022,9466.0
220,Versoix,2023,8439.0
221,Veyrier,2011,7831.0
222,Veyrier,2012,10177.0
223,Veyrier,2013,9235.0
224,Veyrier,2014,8587.0
225,Veyrier,2015,8759.0
226,Veyrier,2016,8316.0
227,Veyrier,2017,8112.0
228,Veyrier,2018,8471.0
229,Veyrier,2019,9390.0
230,Veyrier,2020,8807.0
231,Veyrier,2021,10658.0
232,Veyrier,2022,10153.0
233,Veyrier,2023,10690.0
